--
-- PostgreSQL database dump
--

-- Dumped from database version 13.3
-- Dumped by pg_dump version 13.3

SET statement_timeout = 0;
SET lock_timeout = 0;
SET idle_in_transaction_session_timeout = 0;
SET client_encoding = 'UTF8';
SET standard_conforming_strings = on;
SELECT pg_catalog.set_config('search_path', '', false);
SET check_function_bodies = false;
SET xmloption = content;
SET client_min_messages = warning;
SET row_security = off;

SET default_tablespace = '';

SET default_table_access_method = heap;

--
-- Name: active_storage_attachments; Type: TABLE; Schema: public; Owner: ucms_app
--

CREATE TABLE public.active_storage_attachments (
    id bigint NOT NULL,
    name character varying NOT NULL,
    record_type character varying NOT NULL,
    record_id bigint NOT NULL,
    blob_id bigint NOT NULL,
    created_at timestamp without time zone NOT NULL
);


ALTER TABLE public.active_storage_attachments OWNER TO ucms_app;

--
-- Name: active_storage_attachments_id_seq; Type: SEQUENCE; Schema: public; Owner: ucms_app
--

CREATE SEQUENCE public.active_storage_attachments_id_seq
    START WITH 1
    INCREMENT BY 1
    NO MINVALUE
    NO MAXVALUE
    CACHE 1;


ALTER TABLE public.active_storage_attachments_id_seq OWNER TO ucms_app;

--
-- Name: active_storage_attachments_id_seq; Type: SEQUENCE OWNED BY; Schema: public; Owner: ucms_app
--

ALTER SEQUENCE public.active_storage_attachments_id_seq OWNED BY public.active_storage_attachments.id;


--
-- Name: active_storage_blobs; Type: TABLE; Schema: public; Owner: ucms_app
--

CREATE TABLE public.active_storage_blobs (
    id bigint NOT NULL,
    key character varying NOT NULL,
    filename character varying NOT NULL,
    content_type character varying,
    metadata text,
    byte_size bigint NOT NULL,
    checksum character varying NOT NULL,
    created_at timestamp without time zone NOT NULL
);


ALTER TABLE public.active_storage_blobs OWNER TO ucms_app;

--
-- Name: active_storage_blobs_id_seq; Type: SEQUENCE; Schema: public; Owner: ucms_app
--

CREATE SEQUENCE public.active_storage_blobs_id_seq
    START WITH 1
    INCREMENT BY 1
    NO MINVALUE
    NO MAXVALUE
    CACHE 1;


ALTER TABLE public.active_storage_blobs_id_seq OWNER TO ucms_app;

--
-- Name: active_storage_blobs_id_seq; Type: SEQUENCE OWNED BY; Schema: public; Owner: ucms_app
--

ALTER SEQUENCE public.active_storage_blobs_id_seq OWNED BY public.active_storage_blobs.id;


--
-- Name: ar_internal_metadata; Type: TABLE; Schema: public; Owner: ucms_app
--

CREATE TABLE public.ar_internal_metadata (
    key character varying NOT NULL,
    value character varying,
    created_at timestamp(6) without time zone NOT NULL,
    updated_at timestamp(6) without time zone NOT NULL
);


ALTER TABLE public.ar_internal_metadata OWNER TO ucms_app;

--
-- Name: comments; Type: TABLE; Schema: public; Owner: ucms_app
--

CREATE TABLE public.comments (
    id bigint NOT NULL,
    content character varying,
    user_id bigint NOT NULL,
    post_id bigint NOT NULL,
    created_at timestamp(6) without time zone NOT NULL,
    updated_at timestamp(6) without time zone NOT NULL
);


ALTER TABLE public.comments OWNER TO ucms_app;

--
-- Name: comments_id_seq; Type: SEQUENCE; Schema: public; Owner: ucms_app
--

CREATE SEQUENCE public.comments_id_seq
    START WITH 1
    INCREMENT BY 1
    NO MINVALUE
    NO MAXVALUE
    CACHE 1;


ALTER TABLE public.comments_id_seq OWNER TO ucms_app;

--
-- Name: comments_id_seq; Type: SEQUENCE OWNED BY; Schema: public; Owner: ucms_app
--

ALTER SEQUENCE public.comments_id_seq OWNED BY public.comments.id;


--
-- Name: likes; Type: TABLE; Schema: public; Owner: ucms_app
--

CREATE TABLE public.likes (
    id bigint NOT NULL,
    user_id integer,
    post_id integer,
    created_at timestamp(6) without time zone NOT NULL,
    updated_at timestamp(6) without time zone NOT NULL
);


ALTER TABLE public.likes OWNER TO ucms_app;

--
-- Name: likes_id_seq; Type: SEQUENCE; Schema: public; Owner: ucms_app
--

CREATE SEQUENCE public.likes_id_seq
    START WITH 1
    INCREMENT BY 1
    NO MINVALUE
    NO MAXVALUE
    CACHE 1;


ALTER TABLE public.likes_id_seq OWNER TO ucms_app;

--
-- Name: likes_id_seq; Type: SEQUENCE OWNED BY; Schema: public; Owner: ucms_app
--

ALTER SEQUENCE public.likes_id_seq OWNED BY public.likes.id;


--
-- Name: medicines; Type: TABLE; Schema: public; Owner: ucms_app
--

CREATE TABLE public.medicines (
    id bigint NOT NULL,
    took_medicine_at character varying,
    user_id bigint NOT NULL,
    created_at timestamp(6) without time zone NOT NULL,
    updated_at timestamp(6) without time zone NOT NULL,
    gonna_take_medicine_at time without time zone
);


ALTER TABLE public.medicines OWNER TO ucms_app;

--
-- Name: medicines_id_seq; Type: SEQUENCE; Schema: public; Owner: ucms_app
--

CREATE SEQUENCE public.medicines_id_seq
    START WITH 1
    INCREMENT BY 1
    NO MINVALUE
    NO MAXVALUE
    CACHE 1;


ALTER TABLE public.medicines_id_seq OWNER TO ucms_app;

--
-- Name: medicines_id_seq; Type: SEQUENCE OWNED BY; Schema: public; Owner: ucms_app
--

ALTER SEQUENCE public.medicines_id_seq OWNED BY public.medicines.id;


--
-- Name: posts; Type: TABLE; Schema: public; Owner: ucms_app
--

CREATE TABLE public.posts (
    id bigint NOT NULL,
    title character varying,
    content text,
    start_time timestamp without time zone,
    created_at timestamp(6) without time zone NOT NULL,
    updated_at timestamp(6) without time zone NOT NULL,
    user_id bigint
);


ALTER TABLE public.posts OWNER TO ucms_app;

--
-- Name: posts_id_seq; Type: SEQUENCE; Schema: public; Owner: ucms_app
--

CREATE SEQUENCE public.posts_id_seq
    START WITH 1
    INCREMENT BY 1
    NO MINVALUE
    NO MAXVALUE
    CACHE 1;


ALTER TABLE public.posts_id_seq OWNER TO ucms_app;

--
-- Name: posts_id_seq; Type: SEQUENCE OWNED BY; Schema: public; Owner: ucms_app
--

ALTER SEQUENCE public.posts_id_seq OWNED BY public.posts.id;


--
-- Name: relationships; Type: TABLE; Schema: public; Owner: ucms_app
--

CREATE TABLE public.relationships (
    id bigint NOT NULL,
    follower_id integer,
    followed_id integer,
    created_at timestamp(6) without time zone NOT NULL,
    updated_at timestamp(6) without time zone NOT NULL
);


ALTER TABLE public.relationships OWNER TO ucms_app;

--
-- Name: relationships_id_seq; Type: SEQUENCE; Schema: public; Owner: ucms_app
--

CREATE SEQUENCE public.relationships_id_seq
    START WITH 1
    INCREMENT BY 1
    NO MINVALUE
    NO MAXVALUE
    CACHE 1;


ALTER TABLE public.relationships_id_seq OWNER TO ucms_app;

--
-- Name: relationships_id_seq; Type: SEQUENCE OWNED BY; Schema: public; Owner: ucms_app
--

ALTER SEQUENCE public.relationships_id_seq OWNED BY public.relationships.id;


--
-- Name: schema_migrations; Type: TABLE; Schema: public; Owner: ucms_app
--

CREATE TABLE public.schema_migrations (
    version character varying NOT NULL
);


ALTER TABLE public.schema_migrations OWNER TO ucms_app;

--
-- Name: users; Type: TABLE; Schema: public; Owner: ucms_app
--

CREATE TABLE public.users (
    id bigint NOT NULL,
    name character varying,
    email character varying,
    seriousness character varying,
    created_at timestamp(6) without time zone NOT NULL,
    updated_at timestamp(6) without time zone NOT NULL,
    password_digest character varying,
    remember_digest character varying,
    admin boolean DEFAULT false,
    activation_digest character varying,
    activated boolean DEFAULT false,
    activated_at timestamp without time zone,
    reset_digest character varying,
    reset_sent_at timestamp without time zone
);


ALTER TABLE public.users OWNER TO ucms_app;

--
-- Name: users_id_seq; Type: SEQUENCE; Schema: public; Owner: ucms_app
--

CREATE SEQUENCE public.users_id_seq
    START WITH 1
    INCREMENT BY 1
    NO MINVALUE
    NO MAXVALUE
    CACHE 1;


ALTER TABLE public.users_id_seq OWNER TO ucms_app;

--
-- Name: users_id_seq; Type: SEQUENCE OWNED BY; Schema: public; Owner: ucms_app
--

ALTER SEQUENCE public.users_id_seq OWNED BY public.users.id;


--
-- Name: active_storage_attachments id; Type: DEFAULT; Schema: public; Owner: ucms_app
--

ALTER TABLE ONLY public.active_storage_attachments ALTER COLUMN id SET DEFAULT nextval('public.active_storage_attachments_id_seq'::regclass);


--
-- Name: active_storage_blobs id; Type: DEFAULT; Schema: public; Owner: ucms_app
--

ALTER TABLE ONLY public.active_storage_blobs ALTER COLUMN id SET DEFAULT nextval('public.active_storage_blobs_id_seq'::regclass);


--
-- Name: comments id; Type: DEFAULT; Schema: public; Owner: ucms_app
--

ALTER TABLE ONLY public.comments ALTER COLUMN id SET DEFAULT nextval('public.comments_id_seq'::regclass);


--
-- Name: likes id; Type: DEFAULT; Schema: public; Owner: ucms_app
--

ALTER TABLE ONLY public.likes ALTER COLUMN id SET DEFAULT nextval('public.likes_id_seq'::regclass);


--
-- Name: medicines id; Type: DEFAULT; Schema: public; Owner: ucms_app
--

ALTER TABLE ONLY public.medicines ALTER COLUMN id SET DEFAULT nextval('public.medicines_id_seq'::regclass);


--
-- Name: posts id; Type: DEFAULT; Schema: public; Owner: ucms_app
--

ALTER TABLE ONLY public.posts ALTER COLUMN id SET DEFAULT nextval('public.posts_id_seq'::regclass);


--
-- Name: relationships id; Type: DEFAULT; Schema: public; Owner: ucms_app
--

ALTER TABLE ONLY public.relationships ALTER COLUMN id SET DEFAULT nextval('public.relationships_id_seq'::regclass);


--
-- Name: users id; Type: DEFAULT; Schema: public; Owner: ucms_app
--

ALTER TABLE ONLY public.users ALTER COLUMN id SET DEFAULT nextval('public.users_id_seq'::regclass);


--
-- Data for Name: active_storage_attachments; Type: TABLE DATA; Schema: public; Owner: ucms_app
--

COPY public.active_storage_attachments (id, name, record_type, record_id, blob_id, created_at) FROM stdin;
9	image	Post	313	9	2021-05-26 11:11:11.656127
10	image	Post	312	10	2021-05-26 11:12:12.008529
11	image	Post	311	11	2021-05-26 11:12:37.381342
12	image	Post	309	12	2021-05-26 11:13:00.42136
13	image	Post	306	13	2021-05-26 11:13:44.563141
14	image	Post	310	14	2021-05-26 11:14:28.124774
17	image	Post	334	17	2021-08-15 03:26:28.855461
\.


--
-- Data for Name: active_storage_blobs; Type: TABLE DATA; Schema: public; Owner: ucms_app
--

COPY public.active_storage_blobs (id, key, filename, content_type, metadata, byte_size, checksum, created_at) FROM stdin;
9	afd3hiojgce77yj27zhvj4s64svk	51PNIcIsdZL._SX350_BO1,204,203,200_.jpg	image/jpeg	{"identified":true,"width":352,"height":499,"analyzed":true}	35599	pnWQfpWWLSG7L2JI2478ug==	2021-05-26 11:11:11.650424
10	vf6hz48d6nq89jlqm6yv2gulodo7	51d9wriiMtL._SX350_BO1,204,203,200_.jpg	image/jpeg	{"identified":true,"width":352,"height":499,"analyzed":true}	48261	3dQpa1pT9W91amAiD5bwOw==	2021-05-26 11:12:12.004053
11	x9jh4aefcu6xs386u79i8law3z19	51n5B0RaZBL.jpg	image/jpeg	{"identified":true,"width":353,"height":500,"analyzed":true}	47905	nenNtSEk1/8muUSCMqviIw==	2021-05-26 11:12:37.377125
12	bf5s7kwct0unwtmm37aut0yf9iqj	51v8rV+K3ZL.jpg	image/jpeg	{"identified":true,"width":345,"height":500,"analyzed":true}	34315	T7h1EnAafYUyCJ5onqs8mg==	2021-05-26 11:13:00.416282
13	641nbxv676mh24hwubdimpb6v88e	51ReOScwi9L._SY346_.jpg	image/jpeg	{"identified":true,"width":236,"height":346,"analyzed":true}	26820	511t8N/6aQBLjRNZevDK4Q==	2021-05-26 11:13:44.558448
14	tmf9d40ip9x3ofp40yw8m4g421kg	31t09IWWS0L._SY346_.jpg	image/jpeg	{"identified":true,"width":239,"height":346,"analyzed":true}	8386	zhMbZZDOOCKtMjLE2Ch7+g==	2021-05-26 11:14:28.120315
17	2x5rls190oa12bpegn5s0ixz5itb	jumping.png	image/png	{"identified":true,"width":500,"height":500,"analyzed":true}	8964	hVl/ZEDpPUhCI47iFXoLxg==	2021-08-15 03:26:28.818364
\.


--
-- Data for Name: ar_internal_metadata; Type: TABLE DATA; Schema: public; Owner: ucms_app
--

COPY public.ar_internal_metadata (key, value, created_at, updated_at) FROM stdin;
environment	development	2021-03-04 10:48:12.353458	2021-03-04 10:48:12.353458
\.


--
-- Data for Name: comments; Type: TABLE DATA; Schema: public; Owner: ucms_app
--

COPY public.comments (id, content, user_id, post_id, created_at, updated_at) FROM stdin;
1	nnn	1	330	2021-07-30 11:08:57.218885	2021-07-30 11:08:57.218885
2	nnn	1	330	2021-07-30 11:10:47.744371	2021-07-30 11:10:47.744371
3	nnn	1	330	2021-07-30 11:11:11.443229	2021-07-30 11:11:11.443229
5	hhkkkkkkkkkkkjjjjjjjjjjjjjjjjjjjjjjjjjjjjjjjjjjjjjjjjjjjjjjjjjjjjjjjj	1	330	2021-07-30 12:51:03.097898	2021-07-30 12:51:03.097898
7	b	1	330	2021-08-01 02:09:28.886957	2021-08-01 02:09:28.886957
8	k	1	326	2021-08-01 02:38:13.831707	2021-08-01 02:38:13.831707
9	nnn	1	326	2021-08-01 02:39:13.25619	2021-08-01 02:39:13.25619
10	k	1	326	2021-08-01 02:40:34.593495	2021-08-01 02:40:34.593495
11	b	1	326	2021-08-01 05:33:18.086329	2021-08-01 05:33:18.086329
12	k	1	326	2021-08-01 05:36:40.876955	2021-08-01 05:36:40.876955
13	俺も！	1	330	2021-08-04 03:32:52.230725	2021-08-04 03:32:52.230725
\.


--
-- Data for Name: likes; Type: TABLE DATA; Schema: public; Owner: ucms_app
--

COPY public.likes (id, user_id, post_id, created_at, updated_at) FROM stdin;
16	1	326	2021-07-28 12:56:37.980478	2021-07-28 12:56:37.980478
20	1	330	2021-08-01 02:06:33.423615	2021-08-01 02:06:33.423615
\.


--
-- Data for Name: medicines; Type: TABLE DATA; Schema: public; Owner: ucms_app
--

COPY public.medicines (id, took_medicine_at, user_id, created_at, updated_at, gonna_take_medicine_at) FROM stdin;
340	2021年07月26日	1	2021-07-26 10:17:29.221351	2021-07-26 10:17:29.221351	\N
242	2021年07月07日	1	2021-07-07 10:04:31.851624	2021-07-07 10:04:31.851624	\N
168	2021年06月20日	1	2021-06-20 13:15:22.733777	2021-06-20 13:15:22.733777	\N
245	2021年07月08日	1	2021-07-08 12:40:38.668612	2021-07-08 12:40:38.668612	\N
345	2021年07月27日	1	2021-07-27 10:10:41.474998	2021-07-27 10:10:41.474998	\N
248	2021年07月09日	1	2021-07-09 12:36:25.013151	2021-07-09 12:36:25.013151	\N
108	2021年06月04日	1	2021-06-04 03:36:29.007293	2021-06-05 10:38:05.205351	\N
176	2021年06月21日	1	2021-06-21 13:24:27.673015	2021-06-21 13:24:27.673015	\N
177	2021年06月22日	1	2021-06-22 12:10:52.555522	2021-06-22 12:10:52.555522	\N
250	2021年07月10日	1	2021-07-10 12:45:06.603261	2021-07-10 12:45:06.603261	\N
116	2021年06月05日	2	2021-06-05 13:10:14.419036	2021-06-05 13:10:14.419036	\N
348	2021年07月28日	1	2021-07-28 11:00:23.026985	2021-07-28 11:00:23.026985	\N
183	2021年06月23日	1	2021-06-23 13:10:16.534033	2021-06-23 13:10:16.534033	\N
121	2021年06月05日	1	2021-06-05 13:26:07.972864	2021-06-05 13:26:07.972864	\N
185	2021年06月24日	1	2021-06-24 13:10:12.434573	2021-06-24 13:10:12.434573	\N
352	2021年07月29日	1	2021-07-29 10:37:27.654037	2021-07-29 10:37:27.654037	\N
189	2021年06月25日	1	2021-06-25 13:37:14.681707	2021-06-25 13:37:14.681707	\N
190	2021年06月26日	1	2021-06-26 10:27:19.492887	2021-06-26 10:27:19.492887	\N
259	2021年07月11日	1	2021-07-11 08:33:43.493089	2021-07-11 08:33:43.493089	\N
355	2021年07月31日	1	2021-07-31 12:43:17.363707	2021-07-31 12:43:17.363707	\N
353	2021年07月30日	1	2021-07-30 03:36:29.007293	2021-08-01 00:24:45.380174	\N
135	2021年06月06日	1	2021-06-06 05:41:14.869565	2021-06-06 05:41:14.869565	\N
360	2021年08月01日	1	2021-08-01 09:01:13.727552	2021-08-01 09:01:13.727552	\N
138	2021年06月07日	1	2021-06-07 13:09:37.001954	2021-06-07 13:09:37.001954	\N
139	2021年06月08日	1	2021-06-08 10:49:44.496064	2021-06-08 10:49:44.496064	\N
260	2021年07月12日	1	2021-07-12 03:36:29.007293	2021-07-13 13:36:19.891468	\N
46	2021年05月28日	1	2021-05-30 03:36:29.007293	2021-05-30 10:17:08.075828	\N
47	2021年05月29日	1	2021-05-30 03:36:29.007293	2021-05-30 10:17:35.547696	\N
141	2021年06月09日	1	2021-06-09 07:21:13.597645	2021-06-09 07:21:13.597645	\N
45	2021年05月27日	1	2021-05-27 06:16:11.165973	2021-05-27 06:16:11.165973	\N
44	2021年05月26日	1	2021-05-26 06:09:34.007293	2021-05-26 06:09:34.007293	\N
86	2021年05月30日	1	2021-05-30 10:19:08.121673	2021-05-30 10:19:08.121673	\N
43	2021年05月25日	1	2021-05-25 06:09:34.007293	2021-05-25 06:09:34.007293	\N
42	2021年05月24日	1	2021-05-24 06:09:34.007293	2021-05-24 06:09:34.007293	\N
39	2021年05月21日	1	2021-05-21 06:09:34.007293	2021-05-21 06:09:34.007293	\N
38	2021年05月20日	1	2021-05-20 06:09:34.007293	2021-05-20 06:09:34.007293	\N
142	2021年06月10日	1	2021-06-10 13:27:14.419487	2021-06-10 13:27:14.419487	\N
267	2021年07月13日	1	2021-07-13 13:36:31.318542	2021-07-13 13:36:31.318542	\N
89	2021年05月31日	1	2021-05-31 13:00:27.088341	2021-05-31 13:00:27.088341	\N
200	2021年06月27日	1	2021-06-27 03:36:29.007293	2021-06-28 10:17:25.948577	\N
90	2021年06月01日	1	2021-06-01 03:36:29.007293	2021-06-02 03:17:23.653964	\N
20	2021年04月20日	1	2021-04-20 03:36:29.007293	2021-06-02 05:43:16.686778	\N
146	2021年06月11日	1	2021-06-11 12:46:27.994218	2021-06-11 12:46:27.994218	\N
93	2021年06月02日	1	2021-06-02 06:45:47.310564	2021-06-02 06:45:47.310564	\N
95	2021年06月03日	1	2021-06-03 12:45:31.602147	2021-06-03 12:45:31.602147	\N
148	2021年06月12日	1	2021-06-12 03:36:29.007293	2021-06-13 00:12:40.473598	\N
203	2021年06月28日	1	2021-06-28 13:10:24.144678	2021-06-28 13:10:24.144678	\N
204	2021年06月29日	1	2021-06-29 12:34:17.049485	2021-06-29 12:34:17.049485	\N
363	2021年08月02日	1	2021-08-02 12:47:14.535204	2021-08-02 12:47:14.535204	\N
366	2021年08月03日	1	2021-08-03 11:15:31.008345	2021-08-03 11:15:31.008345	\N
153	2021年06月16日	1	2021-06-15 23:54:51.218236	2021-06-15 23:54:51.218236	\N
149	2021年06月13日	1	2021-06-13 03:36:29.007293	2021-06-16 11:31:35.496151	\N
150	2021年06月14日	1	2021-06-14 03:36:29.007293	2021-06-16 11:31:55.664771	\N
151	2021年06月15日	1	2021-06-15 03:36:29.007293	2021-06-16 11:32:10.488542	\N
210	2021年06月30日	1	2021-06-30 11:22:31.822714	2021-06-30 11:22:31.822714	\N
275	2021年07月14日	1	2021-07-14 11:31:51.703458	2021-07-14 11:31:51.703458	\N
214	2021年07月01日	1	2021-07-01 13:22:33.420835	2021-07-01 13:22:33.420835	\N
279	2021年07月16日	1	2021-07-16 11:14:13.927093	2021-07-16 11:14:13.927093	\N
162	2021年06月19日	1	2021-06-18 23:10:37.707588	2021-06-18 23:10:37.707588	\N
280	2021年07月17日	1	2021-07-17 13:15:16.394403	2021-07-17 13:15:16.394403	\N
154	2021年06月18日	1	2021-06-18 03:36:29.007293	2021-06-18 23:11:50.010241	\N
155	2021年06月17日	1	2021-06-17 03:36:29.007293	2021-06-18 23:13:06.146613	\N
219	2021年07月02日	1	2021-07-02 13:02:16.570809	2021-07-02 13:02:16.570809	\N
372	2021年08月04日	1	2021-08-04 08:41:51.009704	2021-08-04 08:41:51.009704	\N
222	2021年07月03日	1	2021-07-03 13:02:30.536134	2021-07-03 13:02:30.536134	\N
375	2021年08月05日	1	2021-08-05 12:21:45.630194	2021-08-05 12:21:45.630194	\N
278	2021年07月15日	1	2021-07-15 03:36:29.007293	2021-07-17 13:18:42.143447	\N
378	2021年08月06日	1	2021-08-06 12:22:57.390746	2021-08-06 12:22:57.390746	\N
379	2021年08月07日	1	2021-08-07 11:38:19.885706	2021-08-07 11:38:19.885706	\N
230	2021年07月04日	1	2021-07-04 12:24:48.800249	2021-07-04 12:24:48.800249	\N
232	2021年07月05日	1	2021-07-05 11:18:27.584756	2021-07-05 11:18:27.584756	\N
381	2021年08月08日	1	2021-08-08 05:09:37.100813	2021-08-08 05:09:37.100813	\N
382	2021年08月09日	1	2021-08-09 08:45:19.210472	2021-08-09 08:45:19.210472	\N
383	2021年08月10日	1	2021-08-10 06:15:25.447619	2021-08-10 06:15:25.447619	\N
236	2021年07月06日	1	2021-07-06 12:23:58.096255	2021-07-06 12:23:58.096254	\N
384	2021年08月11日	1	2021-08-11 08:16:10.740496	2021-08-11 08:16:10.740496	\N
294	2021年07月18日	1	2021-07-18 12:27:18.009248	2021-07-18 12:27:18.009248	\N
387	2021年08月12日	1	2021-08-12 13:08:14.896523	2021-08-12 13:08:14.896523	\N
390	2021年08月13日	1	2021-08-13 10:55:00.570989	2021-08-13 10:55:00.570989	\N
391	2021年08月14日	1	2021-08-14 11:09:51.736377	2021-08-14 11:09:51.736377	\N
304	2021年07月19日	1	2021-07-19 13:06:44.223087	2021-07-19 13:06:44.223087	\N
307	2021年07月20日	1	2021-07-20 12:33:02.597976	2021-07-20 12:33:02.597976	\N
399	2021年08月17日	1	2021-08-17 14:03:09.859069	2021-08-17 14:03:09.859069	\N
312	2021年07月21日	1	2021-07-21 12:34:58.290856	2021-07-21 12:34:58.290856	\N
314	2021年07月22日	1	2021-07-22 10:36:25.609643	2021-07-22 10:36:25.609643	\N
318	2021年07月23日	1	2021-07-23 12:23:19.525569	2021-07-23 12:23:19.525569	\N
319	2021年07月24日	1	2021-07-24 03:36:29.007293	2021-07-25 00:33:23.993334	\N
331	2021年07月25日	1	2021-07-25 12:41:16.001029	2021-07-25 12:41:16.001029	\N
393	2021年08月15日	1	2021-08-15 03:36:29.007293	2021-08-17 14:07:16.747747	\N
394	2021年08月16日	1	2021-08-16 03:36:29.007293	2021-08-17 14:07:33.518553	\N
401	2021年08月18日	1	2021-08-18 14:20:57.157562	2021-08-18 14:20:57.157562	\N
404	2021年08月21日	1	2021-08-21 10:06:49.267981	2021-08-21 10:06:49.267981	\N
402	2021年08月19日	1	2021-08-19 03:36:29.007293	2021-08-22 08:57:18.051708	\N
403	2021年08月20日	1	2021-08-20 03:36:29.007293	2021-08-22 08:57:36.720161	\N
407	2021年08月22日	1	2021-08-22 09:27:32.930944	2021-08-22 09:27:32.930944	\N
410	2021年08月23日	1	2021-08-23 12:12:23.609517	2021-08-23 12:12:23.609517	\N
412	2021年08月24日	1	2021-08-24 10:30:19.454624	2021-08-24 10:30:19.454624	\N
413	2021年08月25日	1	2021-08-24 23:03:56.224819	2021-08-24 23:03:56.224819	\N
415	2021年08月26日	1	2021-08-26 11:18:20.061024	2021-08-26 11:18:20.061024	\N
418	2021年08月27日	1	2021-08-27 01:15:17.778561	2021-08-27 01:15:17.778561	\N
419	2021年08月28日	1	2021-08-28 12:47:28.643318	2021-08-28 12:47:28.643318	\N
424	2021年08月29日	1	2021-08-29 06:48:18.398324	2021-08-29 06:48:18.398324	\N
425	2021年08月30日	1	2021-08-30 10:05:14.507437	2021-08-30 10:05:14.507437	\N
427	2021年08月31日	1	2021-08-31 12:57:09.040685	2021-08-31 12:57:09.040685	\N
429	2021年09月01日	1	2021-09-01 07:34:52.260307	2021-09-01 07:34:52.260307	\N
431	2021年09月02日	1	2021-09-02 10:03:19.854619	2021-09-02 10:03:19.854619	\N
433	2021年09月03日	1	2021-09-03 11:12:54.113694	2021-09-03 11:12:54.113694	\N
434	2021年09月04日	1	2021-09-04 09:49:52.343851	2021-09-04 09:49:52.343851	\N
436	2021年09月05日	1	2021-09-05 01:43:37.444559	2021-09-05 01:43:37.444559	\N
439	2021年09月06日	1	2021-09-06 10:52:05.062604	2021-09-06 10:52:05.062604	\N
440	2021年09月07日	1	2021-09-07 10:02:23.379902	2021-09-07 10:02:23.379902	\N
441	2021年09月08日	1	2021-09-08 10:04:33.225832	2021-09-08 10:04:33.225832	\N
442	2021年09月09日	1	2021-09-09 10:05:29.269918	2021-09-09 10:05:29.269918	\N
443	2021年09月11日	1	2021-09-11 00:22:38.271241	2021-09-11 00:22:38.271241	\N
444	2021年09月12日	1	2021-09-11 23:05:44.757808	2021-09-11 23:05:44.757808	\N
438	2021年09月10日	1	2021-09-10 03:36:29.007293	2021-09-11 23:11:07.608502	\N
447	2021年09月13日	1	2021-09-13 13:01:19.076859	2021-09-13 13:01:19.076859	\N
448	2021年09月15日	1	2021-09-15 06:16:45.007293	2021-09-15 06:16:45.007293	\N
445	2021年09月14日	1	2021-09-14 03:36:29.007293	2021-09-15 06:18:09.495572	\N
450	2021年09月16日	1	2021-09-15 23:05:21.883244	2021-09-15 23:05:21.883244	\N
\.

--
-- Data for Name: posts; Type: TABLE DATA; Schema: public; Owner: ucms_app
--

COPY public.posts (id, title, content, start_time, created_at, updated_at, user_id) FROM stdin;
2	A Handful of Dust	とちょう始まる休日。不可欠しばふ済ます。魅力かっこうよくげつ。	2021-03-03 00:00:00	2021-03-04 10:49:15.083491	2021-03-04 10:49:15.083491	2
4	A Handful of Dust	とちょう始まる休日。不可欠しばふ済ます。魅力かっこうよくげつ。	2021-03-03 00:00:00	2021-03-04 10:49:15.092311	2021-03-04 10:49:15.092311	4
5	A Handful of Dust	とちょう始まる休日。不可欠しばふ済ます。魅力かっこうよくげつ。	2021-03-03 00:00:00	2021-03-04 10:49:15.096606	2021-03-04 10:49:15.096606	5
7	A Summer Bird-Cage	洋服かんぜん雑音。ねばりきゅうりょうたらす。しゃっか人性あれる。	2021-03-04 00:00:00	2021-03-04 10:49:15.106082	2021-03-04 10:49:15.106082	1
8	A Summer Bird-Cage	洋服かんぜん雑音。ねばりきゅうりょうたらす。しゃっか人性あれる。	2021-03-04 00:00:00	2021-03-04 10:49:15.110401	2021-03-04 10:49:15.110401	2
10	A Summer Bird-Cage	洋服かんぜん雑音。ねばりきゅうりょうたらす。しゃっか人性あれる。	2021-03-04 00:00:00	2021-03-04 10:49:15.118662	2021-03-04 10:49:15.118662	4
11	A Summer Bird-Cage	洋服かんぜん雑音。ねばりきゅうりょうたらす。しゃっか人性あれる。	2021-03-04 00:00:00	2021-03-04 10:49:15.122976	2021-03-04 10:49:15.122976	5
13	Everything is Illuminated	継承つくさいぼう。ふくへい渦巻きおきゃくさん。漠然底備える。	2021-03-05 00:00:00	2021-03-04 10:49:15.132958	2021-03-04 10:49:15.132958	1
14	Everything is Illuminated	継承つくさいぼう。ふくへい渦巻きおきゃくさん。漠然底備える。	2021-03-05 00:00:00	2021-03-04 10:49:15.137074	2021-03-04 10:49:15.137074	2
16	Everything is Illuminated	継承つくさいぼう。ふくへい渦巻きおきゃくさん。漠然底備える。	2021-03-05 00:00:00	2021-03-04 10:49:15.145527	2021-03-04 10:49:15.145527	4
17	Everything is Illuminated	継承つくさいぼう。ふくへい渦巻きおきゃくさん。漠然底備える。	2021-03-05 00:00:00	2021-03-04 10:49:15.150795	2021-03-04 10:49:15.150795	5
20	The Yellow Meads of Asphodel	だくりゅう秘めるほうしゅう。よわよわしいたて金。渦巻き地面配慮。	2021-03-06 00:00:00	2021-03-04 10:49:15.164203	2021-03-04 10:49:15.164203	2
22	The Yellow Meads of Asphodel	だくりゅう秘めるほうしゅう。よわよわしいたて金。渦巻き地面配慮。	2021-03-06 00:00:00	2021-03-04 10:49:15.172377	2021-03-04 10:49:15.172377	4
23	The Yellow Meads of Asphodel	だくりゅう秘めるほうしゅう。よわよわしいたて金。渦巻き地面配慮。	2021-03-06 00:00:00	2021-03-04 10:49:15.176801	2021-03-04 10:49:15.176801	5
25	Mr Standfast	こいぬうえるつばさ。じょうじゅん好き提案する。既に宜しく薬。	2021-03-07 00:00:00	2021-03-04 10:49:15.186301	2021-03-04 10:49:15.186301	1
26	Mr Standfast	こいぬうえるつばさ。じょうじゅん好き提案する。既に宜しく薬。	2021-03-07 00:00:00	2021-03-04 10:49:15.190522	2021-03-04 10:49:15.190522	2
28	Mr Standfast	こいぬうえるつばさ。じょうじゅん好き提案する。既に宜しく薬。	2021-03-07 00:00:00	2021-03-04 10:49:15.198824	2021-03-04 10:49:15.198824	4
29	Mr Standfast	こいぬうえるつばさ。じょうじゅん好き提案する。既に宜しく薬。	2021-03-07 00:00:00	2021-03-04 10:49:15.202954	2021-03-04 10:49:15.202954	5
31	The Yellow Meads of Asphodel	漂う秘める雇用。あうかわかすみなと。見当たる高値自宅。	2021-03-08 00:00:00	2021-03-04 10:49:15.212026	2021-03-04 10:49:15.212026	1
32	The Yellow Meads of Asphodel	漂う秘める雇用。あうかわかすみなと。見当たる高値自宅。	2021-03-08 00:00:00	2021-03-04 10:49:15.216223	2021-03-04 10:49:15.216223	2
34	The Yellow Meads of Asphodel	漂う秘める雇用。あうかわかすみなと。見当たる高値自宅。	2021-03-08 00:00:00	2021-03-04 10:49:15.22521	2021-03-04 10:49:15.22521	4
35	The Yellow Meads of Asphodel	漂う秘める雇用。あうかわかすみなと。見当たる高値自宅。	2021-03-08 00:00:00	2021-03-04 10:49:15.229391	2021-03-04 10:49:15.229391	5
37	The Wind's Twelve Quarters	礎さいばんざぜん。原油むらさきいろむぜい。しゅしょうシアトルしはんそう。	2021-03-09 00:00:00	2021-03-04 10:49:15.23858	2021-03-04 10:49:15.23858	1
38	The Wind's Twelve Quarters	礎さいばんざぜん。原油むらさきいろむぜい。しゅしょうシアトルしはんそう。	2021-03-09 00:00:00	2021-03-04 10:49:15.242723	2021-03-04 10:49:15.242723	2
40	The Wind's Twelve Quarters	礎さいばんざぜん。原油むらさきいろむぜい。しゅしょうシアトルしはんそう。	2021-03-09 00:00:00	2021-03-04 10:49:15.251155	2021-03-04 10:49:15.251155	4
41	The Wind's Twelve Quarters	礎さいばんざぜん。原油むらさきいろむぜい。しゅしょうシアトルしはんそう。	2021-03-09 00:00:00	2021-03-04 10:49:15.255541	2021-03-04 10:49:15.255541	5
43	Cover Her Face	ごうけん陳列室みさき。継承ふくへいかんぜん。米国はちまき差し上げる。	2021-03-10 00:00:00	2021-03-04 10:49:15.264687	2021-03-04 10:49:15.264687	1
44	Cover Her Face	ごうけん陳列室みさき。継承ふくへいかんぜん。米国はちまき差し上げる。	2021-03-10 00:00:00	2021-03-04 10:49:15.269184	2021-03-04 10:49:15.269184	2
46	Cover Her Face	ごうけん陳列室みさき。継承ふくへいかんぜん。米国はちまき差し上げる。	2021-03-10 00:00:00	2021-03-04 10:49:15.277989	2021-03-04 10:49:15.277989	4
47	Cover Her Face	ごうけん陳列室みさき。継承ふくへいかんぜん。米国はちまき差し上げる。	2021-03-10 00:00:00	2021-03-04 10:49:15.282489	2021-03-04 10:49:15.282489	5
49	Jesting Pilate	始まる誤用仕方がない。ざんぴん揺さぶるさいばん。抑制そんざい都合。	2021-03-11 00:00:00	2021-03-04 10:49:15.291991	2021-03-04 10:49:15.291991	1
50	Jesting Pilate	始まる誤用仕方がない。ざんぴん揺さぶるさいばん。抑制そんざい都合。	2021-03-11 00:00:00	2021-03-04 10:49:15.296329	2021-03-04 10:49:15.296329	2
52	Jesting Pilate	始まる誤用仕方がない。ざんぴん揺さぶるさいばん。抑制そんざい都合。	2021-03-11 00:00:00	2021-03-04 10:49:15.305139	2021-03-04 10:49:15.305139	4
53	Jesting Pilate	始まる誤用仕方がない。ざんぴん揺さぶるさいばん。抑制そんざい都合。	2021-03-11 00:00:00	2021-03-04 10:49:15.309319	2021-03-04 10:49:15.309319	5
55	Ego Dominus Tuus	そだてるじぶんちゅうもんする。げいひんかんしょうりゃくはんだんする。むこうぶき合う。	2021-03-12 00:00:00	2021-03-04 10:49:15.319165	2021-03-04 10:49:15.319165	1
56	Ego Dominus Tuus	そだてるじぶんちゅうもんする。げいひんかんしょうりゃくはんだんする。むこうぶき合う。	2021-03-12 00:00:00	2021-03-04 10:49:15.323791	2021-03-04 10:49:15.323791	2
58	Ego Dominus Tuus	そだてるじぶんちゅうもんする。げいひんかんしょうりゃくはんだんする。むこうぶき合う。	2021-03-12 00:00:00	2021-03-04 10:49:15.332893	2021-03-04 10:49:15.332893	4
59	Ego Dominus Tuus	そだてるじぶんちゅうもんする。げいひんかんしょうりゃくはんだんする。むこうぶき合う。	2021-03-12 00:00:00	2021-03-04 10:49:15.337295	2021-03-04 10:49:15.337295	5
62	Tender Is the Night	あらすくつじょくせんたくする。こうぞくむらさきいろかんしん。譜面あおいしょくん。	2021-03-13 00:00:00	2021-03-04 10:49:15.354209	2021-03-04 10:49:15.354209	2
64	Tender Is the Night	あらすくつじょくせんたくする。こうぞくむらさきいろかんしん。譜面あおいしょくん。	2021-03-13 00:00:00	2021-03-04 10:49:15.36288	2021-03-04 10:49:15.36288	4
65	Tender Is the Night	あらすくつじょくせんたくする。こうぞくむらさきいろかんしん。譜面あおいしょくん。	2021-03-13 00:00:00	2021-03-04 10:49:15.36713	2021-03-04 10:49:15.36713	5
67	Consider the Lilies	せんりゅう双しょうりゃく。果樹ひんかく堀川。へいがい輸出察知。	2021-03-14 00:00:00	2021-03-04 10:49:15.3761	2021-03-04 10:49:15.3761	1
68	Consider the Lilies	せんりゅう双しょうりゃく。果樹ひんかく堀川。へいがい輸出察知。	2021-03-14 00:00:00	2021-03-04 10:49:15.380652	2021-03-04 10:49:15.380652	2
70	Consider the Lilies	せんりゅう双しょうりゃく。果樹ひんかく堀川。へいがい輸出察知。	2021-03-14 00:00:00	2021-03-04 10:49:15.389646	2021-03-04 10:49:15.389646	4
71	Consider the Lilies	せんりゅう双しょうりゃく。果樹ひんかく堀川。へいがい輸出察知。	2021-03-14 00:00:00	2021-03-04 10:49:15.393778	2021-03-04 10:49:15.393778	5
73	The Monkey's Raincoat	憂いはだか親切。へいがいごうけんぶん。量ふそくおととい。	2021-03-15 00:00:00	2021-03-04 10:49:15.402985	2021-03-04 10:49:15.402985	1
74	The Monkey's Raincoat	憂いはだか親切。へいがいごうけんぶん。量ふそくおととい。	2021-03-15 00:00:00	2021-03-04 10:49:15.40706	2021-03-04 10:49:15.40706	2
76	The Monkey's Raincoat	憂いはだか親切。へいがいごうけんぶん。量ふそくおととい。	2021-03-15 00:00:00	2021-03-04 10:49:15.415108	2021-03-04 10:49:15.415108	4
77	The Monkey's Raincoat	憂いはだか親切。へいがいごうけんぶん。量ふそくおととい。	2021-03-15 00:00:00	2021-03-04 10:49:15.419215	2021-03-04 10:49:15.419215	5
79	The Painted Veil	はりい寮生特殊。哀れむはちまき碁。ないしょばなしせんたくするはんそう。	2021-03-16 00:00:00	2021-03-04 10:49:15.428303	2021-03-04 10:49:15.428303	1
80	The Painted Veil	はりい寮生特殊。哀れむはちまき碁。ないしょばなしせんたくするはんそう。	2021-03-16 00:00:00	2021-03-04 10:49:15.43271	2021-03-04 10:49:15.43271	2
82	The Painted Veil	はりい寮生特殊。哀れむはちまき碁。ないしょばなしせんたくするはんそう。	2021-03-16 00:00:00	2021-03-04 10:49:15.440882	2021-03-04 10:49:15.440882	4
83	The Painted Veil	はりい寮生特殊。哀れむはちまき碁。ないしょばなしせんたくするはんそう。	2021-03-16 00:00:00	2021-03-04 10:49:15.445093	2021-03-04 10:49:15.445093	5
85	Tiger! Tiger!	鍋出かける長唄。しょうゆ旧姓せいかん。運ぶあらあらしい奇襲。	2021-03-17 00:00:00	2021-03-04 10:49:15.454256	2021-03-04 10:49:15.454256	1
86	Tiger! Tiger!	鍋出かける長唄。しょうゆ旧姓せいかん。運ぶあらあらしい奇襲。	2021-03-17 00:00:00	2021-03-04 10:49:15.458766	2021-03-04 10:49:15.458766	2
88	Tiger! Tiger!	鍋出かける長唄。しょうゆ旧姓せいかん。運ぶあらあらしい奇襲。	2021-03-17 00:00:00	2021-03-04 10:49:15.466933	2021-03-04 10:49:15.466933	4
89	Tiger! Tiger!	鍋出かける長唄。しょうゆ旧姓せいかん。運ぶあらあらしい奇襲。	2021-03-17 00:00:00	2021-03-04 10:49:15.47112	2021-03-04 10:49:15.47112	5
91	A Glass of Blessings	消す双輸出。たつめいしじぞう。新婚旅行自立部首。	2021-03-18 00:00:00	2021-03-04 10:49:15.480454	2021-03-04 10:49:15.480454	1
92	A Glass of Blessings	消す双輸出。たつめいしじぞう。新婚旅行自立部首。	2021-03-18 00:00:00	2021-03-04 10:49:15.484865	2021-03-04 10:49:15.484865	2
94	A Glass of Blessings	消す双輸出。たつめいしじぞう。新婚旅行自立部首。	2021-03-18 00:00:00	2021-03-04 10:49:15.493194	2021-03-04 10:49:15.493194	4
95	A Glass of Blessings	消す双輸出。たつめいしじぞう。新婚旅行自立部首。	2021-03-18 00:00:00	2021-03-04 10:49:15.497385	2021-03-04 10:49:15.497385	5
97	The Mirror Crack'd from Side to Side	はだか十台誤用。病床推奨老齢。ちえん病床あらそう。	2021-03-19 00:00:00	2021-03-04 10:49:15.506791	2021-03-04 10:49:15.506791	1
98	The Mirror Crack'd from Side to Side	はだか十台誤用。病床推奨老齢。ちえん病床あらそう。	2021-03-19 00:00:00	2021-03-04 10:49:15.511091	2021-03-04 10:49:15.511091	2
100	The Mirror Crack'd from Side to Side	はだか十台誤用。病床推奨老齢。ちえん病床あらそう。	2021-03-19 00:00:00	2021-03-04 10:49:15.519544	2021-03-04 10:49:15.519544	4
101	The Mirror Crack'd from Side to Side	はだか十台誤用。病床推奨老齢。ちえん病床あらそう。	2021-03-19 00:00:00	2021-03-04 10:49:15.523768	2021-03-04 10:49:15.523768	5
103	Alone on a Wide, Wide Sea	唄うみつ不可欠。おりめ丼りょうど。ざぜんへいがいきょうき。	2021-03-20 00:00:00	2021-03-04 10:49:15.532501	2021-03-04 10:49:15.532501	1
104	Alone on a Wide, Wide Sea	唄うみつ不可欠。おりめ丼りょうど。ざぜんへいがいきょうき。	2021-03-20 00:00:00	2021-03-04 10:49:15.536727	2021-03-04 10:49:15.536727	2
106	Alone on a Wide, Wide Sea	唄うみつ不可欠。おりめ丼りょうど。ざぜんへいがいきょうき。	2021-03-20 00:00:00	2021-03-04 10:49:15.544902	2021-03-04 10:49:15.544902	4
107	Alone on a Wide, Wide Sea	唄うみつ不可欠。おりめ丼りょうど。ざぜんへいがいきょうき。	2021-03-20 00:00:00	2021-03-04 10:49:15.549254	2021-03-04 10:49:15.549254	5
109	The Road Less Traveled	そだてるせんたくする近視。浮世絵ふそく床。まもる継承割り箸。	2021-03-21 00:00:00	2021-03-04 10:49:15.559239	2021-03-04 10:49:15.559239	1
110	The Road Less Traveled	そだてるせんたくする近視。浮世絵ふそく床。まもる継承割り箸。	2021-03-21 00:00:00	2021-03-04 10:49:15.563429	2021-03-04 10:49:15.563429	2
112	The Road Less Traveled	そだてるせんたくする近視。浮世絵ふそく床。まもる継承割り箸。	2021-03-21 00:00:00	2021-03-04 10:49:15.571801	2021-03-04 10:49:15.571801	4
113	The Road Less Traveled	そだてるせんたくする近視。浮世絵ふそく床。まもる継承割り箸。	2021-03-21 00:00:00	2021-03-04 10:49:15.576231	2021-03-04 10:49:15.576231	5
115	Unweaving the Rainbow	せいじょう旧姓浸す。せんじょうざい遮断じっかん。検査ちえん誤用。	2021-03-22 00:00:00	2021-03-04 10:49:15.585967	2021-03-04 10:49:15.585967	1
116	Unweaving the Rainbow	せいじょう旧姓浸す。せんじょうざい遮断じっかん。検査ちえん誤用。	2021-03-22 00:00:00	2021-03-04 10:49:15.590369	2021-03-04 10:49:15.590369	2
118	Unweaving the Rainbow	せいじょう旧姓浸す。せんじょうざい遮断じっかん。検査ちえん誤用。	2021-03-22 00:00:00	2021-03-04 10:49:15.598991	2021-03-04 10:49:15.598991	4
119	Unweaving the Rainbow	せいじょう旧姓浸す。せんじょうざい遮断じっかん。検査ちえん誤用。	2021-03-22 00:00:00	2021-03-04 10:49:15.603224	2021-03-04 10:49:15.603224	5
121	A Handful of Dust	さいぼう迷路不健康。ぼうず徳川ほうせき。かんじるあくれいすいせん。	2021-03-23 00:00:00	2021-03-04 10:49:15.612495	2021-03-04 10:49:15.612495	1
122	A Handful of Dust	さいぼう迷路不健康。ぼうず徳川ほうせき。かんじるあくれいすいせん。	2021-03-23 00:00:00	2021-03-04 10:49:15.616789	2021-03-04 10:49:15.616789	2
124	A Handful of Dust	さいぼう迷路不健康。ぼうず徳川ほうせき。かんじるあくれいすいせん。	2021-03-23 00:00:00	2021-03-04 10:49:15.625555	2021-03-04 10:49:15.625555	4
125	A Handful of Dust	さいぼう迷路不健康。ぼうず徳川ほうせき。かんじるあくれいすいせん。	2021-03-23 00:00:00	2021-03-04 10:49:15.630308	2021-03-04 10:49:15.630308	5
127	Where Angels Fear to Tread	斬殺うえるじじょでん。かいたくむぼうかんぜん。金縛り魔法逆。	2021-03-24 00:00:00	2021-03-04 10:49:15.639962	2021-03-04 10:49:15.639962	1
128	Where Angels Fear to Tread	斬殺うえるじじょでん。かいたくむぼうかんぜん。金縛り魔法逆。	2021-03-24 00:00:00	2021-03-04 10:49:15.644666	2021-03-04 10:49:15.644666	2
130	Where Angels Fear to Tread	斬殺うえるじじょでん。かいたくむぼうかんぜん。金縛り魔法逆。	2021-03-24 00:00:00	2021-03-04 10:49:15.65611	2021-03-04 10:49:15.65611	4
131	Where Angels Fear to Tread	斬殺うえるじじょでん。かいたくむぼうかんぜん。金縛り魔法逆。	2021-03-24 00:00:00	2021-03-04 10:49:15.660311	2021-03-04 10:49:15.660311	5
134	Gone with the Wind	りゃくず下さいちえん。はなじ絹糸堀川。人性宜しくいつ頃。	2021-03-25 00:00:00	2021-03-04 10:49:15.673713	2021-03-04 10:49:15.673713	2
136	Gone with the Wind	りゃくず下さいちえん。はなじ絹糸堀川。人性宜しくいつ頃。	2021-03-25 00:00:00	2021-03-04 10:49:15.682431	2021-03-04 10:49:15.682431	4
137	Gone with the Wind	りゃくず下さいちえん。はなじ絹糸堀川。人性宜しくいつ頃。	2021-03-25 00:00:00	2021-03-04 10:49:15.686662	2021-03-04 10:49:15.686662	5
139	Brandy of the Damned	せんたくするさいばん済ます。きいろ浅い窒息。ふんまつり浮世絵。	2021-03-26 00:00:00	2021-03-04 10:49:15.696115	2021-03-04 10:49:15.696115	1
140	Brandy of the Damned	せんたくするさいばん済ます。きいろ浅い窒息。ふんまつり浮世絵。	2021-03-26 00:00:00	2021-03-04 10:49:15.700595	2021-03-04 10:49:15.700595	2
142	Brandy of the Damned	せんたくするさいばん済ます。きいろ浅い窒息。ふんまつり浮世絵。	2021-03-26 00:00:00	2021-03-04 10:49:15.710017	2021-03-04 10:49:15.710017	4
143	Brandy of the Damned	せんたくするさいばん済ます。きいろ浅い窒息。ふんまつり浮世絵。	2021-03-26 00:00:00	2021-03-04 10:49:15.71422	2021-03-04 10:49:15.71422	5
145	Shall not Perish	休日電源出かける。にんい減俸仕方がない。けしき薬独裁。	2021-03-27 00:00:00	2021-03-04 10:49:15.723592	2021-03-04 10:49:15.723592	1
146	Shall not Perish	休日電源出かける。にんい減俸仕方がない。けしき薬独裁。	2021-03-27 00:00:00	2021-03-04 10:49:15.727782	2021-03-04 10:49:15.727782	2
148	Shall not Perish	休日電源出かける。にんい減俸仕方がない。けしき薬独裁。	2021-03-27 00:00:00	2021-03-04 10:49:15.73619	2021-03-04 10:49:15.73619	4
149	Shall not Perish	休日電源出かける。にんい減俸仕方がない。けしき薬独裁。	2021-03-27 00:00:00	2021-03-04 10:49:15.740309	2021-03-04 10:49:15.740309	5
152	The Far-Distant Oxus	特殊新婚旅行かんじる。じじょでんとうき失う。黙る奴らせんたくする。	2021-03-28 00:00:00	2021-03-04 10:49:15.753755	2021-03-04 10:49:15.753755	2
154	The Far-Distant Oxus	特殊新婚旅行かんじる。じじょでんとうき失う。黙る奴らせんたくする。	2021-03-28 00:00:00	2021-03-04 10:49:15.761865	2021-03-04 10:49:15.761865	4
155	The Far-Distant Oxus	特殊新婚旅行かんじる。じじょでんとうき失う。黙る奴らせんたくする。	2021-03-28 00:00:00	2021-03-04 10:49:15.76607	2021-03-04 10:49:15.76607	5
157	The Sun Also Rises	開閉せっぷくはじめて。核実験山葵面。せいじょうせいかんはなはだ。	2021-03-29 00:00:00	2021-03-04 10:49:15.775295	2021-03-04 10:49:15.775295	1
158	The Sun Also Rises	開閉せっぷくはじめて。核実験山葵面。せいじょうせいかんはなはだ。	2021-03-29 00:00:00	2021-03-04 10:49:15.779409	2021-03-04 10:49:15.779409	2
160	The Sun Also Rises	開閉せっぷくはじめて。核実験山葵面。せいじょうせいかんはなはだ。	2021-03-29 00:00:00	2021-03-04 10:49:15.787834	2021-03-04 10:49:15.787834	4
161	The Sun Also Rises	開閉せっぷくはじめて。核実験山葵面。せいじょうせいかんはなはだ。	2021-03-29 00:00:00	2021-03-04 10:49:15.792308	2021-03-04 10:49:15.792308	5
163	Pale Kings and Princes	洋服しずむあおい。伐採救急車特殊。品詞自立切迫。	2021-03-30 00:00:00	2021-03-04 10:49:15.801616	2021-03-04 10:49:15.801616	1
164	Pale Kings and Princes	洋服しずむあおい。伐採救急車特殊。品詞自立切迫。	2021-03-30 00:00:00	2021-03-04 10:49:15.805759	2021-03-04 10:49:15.805759	2
166	Pale Kings and Princes	洋服しずむあおい。伐採救急車特殊。品詞自立切迫。	2021-03-30 00:00:00	2021-03-04 10:49:15.814173	2021-03-04 10:49:15.814173	4
167	Pale Kings and Princes	洋服しずむあおい。伐採救急車特殊。品詞自立切迫。	2021-03-30 00:00:00	2021-03-04 10:49:15.818472	2021-03-04 10:49:15.818472	5
169	In a Glass Darkly	独裁きょうふ体重。右翼学者戦没。全日本復旧委員。	2021-03-31 00:00:00	2021-03-04 10:49:15.827713	2021-03-04 10:49:15.827713	1
170	In a Glass Darkly	独裁きょうふ体重。右翼学者戦没。全日本復旧委員。	2021-03-31 00:00:00	2021-03-04 10:49:15.831793	2021-03-04 10:49:15.831793	2
172	In a Glass Darkly	独裁きょうふ体重。右翼学者戦没。全日本復旧委員。	2021-03-31 00:00:00	2021-03-04 10:49:15.840327	2021-03-04 10:49:15.840327	4
173	In a Glass Darkly	独裁きょうふ体重。右翼学者戦没。全日本復旧委員。	2021-03-31 00:00:00	2021-03-04 10:49:15.844529	2021-03-04 10:49:15.844529	5
175	Ah, Wilderness!	壮年難しいふさい。ひがい俵ぶん。たいさいっさくじつひきさく。	2021-04-01 00:00:00	2021-03-04 10:49:15.853626	2021-03-04 10:49:15.853626	1
176	Ah, Wilderness!	壮年難しいふさい。ひがい俵ぶん。たいさいっさくじつひきさく。	2021-04-01 00:00:00	2021-03-04 10:49:15.857878	2021-03-04 10:49:15.857878	2
178	Ah, Wilderness!	壮年難しいふさい。ひがい俵ぶん。たいさいっさくじつひきさく。	2021-04-01 00:00:00	2021-03-04 10:49:15.866612	2021-03-04 10:49:15.866612	4
179	Ah, Wilderness!	壮年難しいふさい。ひがい俵ぶん。たいさいっさくじつひきさく。	2021-04-01 00:00:00	2021-03-04 10:49:15.870789	2021-03-04 10:49:15.870789	5
181	From Here to Eternity	やさいきげんご始まる。輸出傑作軒。こはん床済ます。	2021-04-02 00:00:00	2021-03-04 10:49:15.879954	2021-03-04 10:49:15.879954	1
182	From Here to Eternity	やさいきげんご始まる。輸出傑作軒。こはん床済ます。	2021-04-02 00:00:00	2021-03-04 10:49:15.883953	2021-03-04 10:49:15.883953	2
184	From Here to Eternity	やさいきげんご始まる。輸出傑作軒。こはん床済ます。	2021-04-02 00:00:00	2021-03-04 10:49:15.892415	2021-03-04 10:49:15.892415	4
185	From Here to Eternity	やさいきげんご始まる。輸出傑作軒。こはん床済ます。	2021-04-02 00:00:00	2021-03-04 10:49:15.896958	2021-03-04 10:49:15.896958	5
187	The World, the Flesh and the Devil	宜しく脱税かんそく。ひきざんじょうじゅんしょうゆ。ひんかく総括学院。	2021-04-03 00:00:00	2021-03-04 10:49:15.90625	2021-03-04 10:49:15.90625	1
188	The World, the Flesh and the Devil	宜しく脱税かんそく。ひきざんじょうじゅんしょうゆ。ひんかく総括学院。	2021-04-03 00:00:00	2021-03-04 10:49:15.910486	2021-03-04 10:49:15.910486	2
190	The World, the Flesh and the Devil	宜しく脱税かんそく。ひきざんじょうじゅんしょうゆ。ひんかく総括学院。	2021-04-03 00:00:00	2021-03-04 10:49:15.918854	2021-03-04 10:49:15.918854	4
191	The World, the Flesh and the Devil	宜しく脱税かんそく。ひきざんじょうじゅんしょうゆ。ひんかく総括学院。	2021-04-03 00:00:00	2021-03-04 10:49:15.92335	2021-03-04 10:49:15.92335	5
193	The Cricket on the Hearth	魅力近視部首。唄う撃つやさしい。軒頂くたいさ。	2021-04-04 00:00:00	2021-03-04 10:49:15.932912	2021-03-04 10:49:15.932912	1
194	The Cricket on the Hearth	魅力近視部首。唄う撃つやさしい。軒頂くたいさ。	2021-04-04 00:00:00	2021-03-04 10:49:15.937155	2021-03-04 10:49:15.937155	2
196	The Cricket on the Hearth	魅力近視部首。唄う撃つやさしい。軒頂くたいさ。	2021-04-04 00:00:00	2021-03-04 10:49:15.949282	2021-03-04 10:49:15.949282	4
197	The Cricket on the Hearth	魅力近視部首。唄う撃つやさしい。軒頂くたいさ。	2021-04-04 00:00:00	2021-03-04 10:49:15.95351	2021-03-04 10:49:15.95351	5
199	The Heart Is Deceitful Above All Things	減俸喜劇先週。なんべい境ぶっきょう。きゅうりょうのきはんだんする。	2021-04-05 00:00:00	2021-03-04 10:49:15.962759	2021-03-04 10:49:15.962759	1
200	The Heart Is Deceitful Above All Things	減俸喜劇先週。なんべい境ぶっきょう。きゅうりょうのきはんだんする。	2021-04-05 00:00:00	2021-03-04 10:49:15.966955	2021-03-04 10:49:15.966955	2
202	The Heart Is Deceitful Above All Things	減俸喜劇先週。なんべい境ぶっきょう。きゅうりょうのきはんだんする。	2021-04-05 00:00:00	2021-03-04 10:49:15.975382	2021-03-04 10:49:15.975382	4
203	The Heart Is Deceitful Above All Things	減俸喜劇先週。なんべい境ぶっきょう。きゅうりょうのきはんだんする。	2021-04-05 00:00:00	2021-03-04 10:49:15.97972	2021-03-04 10:49:15.97972	5
205	No Country for Old Men	泳ぐかんじる仕事。かつぼうずあれる。体重黒板どうけつ。	2021-04-06 00:00:00	2021-03-04 10:49:15.989182	2021-03-04 10:49:15.989182	1
206	No Country for Old Men	泳ぐかんじる仕事。かつぼうずあれる。体重黒板どうけつ。	2021-04-06 00:00:00	2021-03-04 10:49:15.993209	2021-03-04 10:49:15.993209	2
208	No Country for Old Men	泳ぐかんじる仕事。かつぼうずあれる。体重黒板どうけつ。	2021-04-06 00:00:00	2021-03-04 10:49:16.001793	2021-03-04 10:49:16.001793	4
209	No Country for Old Men	泳ぐかんじる仕事。かつぼうずあれる。体重黒板どうけつ。	2021-04-06 00:00:00	2021-03-04 10:49:16.006097	2021-03-04 10:49:16.006097	5
211	Surprised by Joy	だいどころしゃこいちだい。さいほう靖国神社しょうゆ。誤用消すはだか。	2021-04-07 00:00:00	2021-03-04 10:49:16.01569	2021-03-04 10:49:16.01569	1
212	Surprised by Joy	だいどころしゃこいちだい。さいほう靖国神社しょうゆ。誤用消すはだか。	2021-04-07 00:00:00	2021-03-04 10:49:16.019759	2021-03-04 10:49:16.019759	2
214	Surprised by Joy	だいどころしゃこいちだい。さいほう靖国神社しょうゆ。誤用消すはだか。	2021-04-07 00:00:00	2021-03-04 10:49:16.028225	2021-03-04 10:49:16.028225	4
215	Surprised by Joy	だいどころしゃこいちだい。さいほう靖国神社しょうゆ。誤用消すはだか。	2021-04-07 00:00:00	2021-03-04 10:49:16.032415	2021-03-04 10:49:16.032415	5
217	The Road Less Traveled	さいばん電話ぞくご。めいしょこわす出版。黙る迷子へいがい。	2021-04-08 00:00:00	2021-03-04 10:49:16.041776	2021-03-04 10:49:16.041776	1
218	The Road Less Traveled	さいばん電話ぞくご。めいしょこわす出版。黙る迷子へいがい。	2021-04-08 00:00:00	2021-03-04 10:49:16.046008	2021-03-04 10:49:16.046008	2
220	The Road Less Traveled	さいばん電話ぞくご。めいしょこわす出版。黙る迷子へいがい。	2021-04-08 00:00:00	2021-03-04 10:49:16.054702	2021-03-04 10:49:16.054702	4
221	The Road Less Traveled	さいばん電話ぞくご。めいしょこわす出版。黙る迷子へいがい。	2021-04-08 00:00:00	2021-03-04 10:49:16.059882	2021-03-04 10:49:16.059882	5
223	Consider Phlebas	みなもと塾生警官。旧姓むぼう大丈夫。学者じぎするハチのす。	2021-04-09 00:00:00	2021-03-04 10:49:16.069178	2021-03-04 10:49:16.069178	1
224	Consider Phlebas	みなもと塾生警官。旧姓むぼう大丈夫。学者じぎするハチのす。	2021-04-09 00:00:00	2021-03-04 10:49:16.073324	2021-03-04 10:49:16.073324	2
226	Consider Phlebas	みなもと塾生警官。旧姓むぼう大丈夫。学者じぎするハチのす。	2021-04-09 00:00:00	2021-03-04 10:49:16.082298	2021-03-04 10:49:16.082298	4
227	Consider Phlebas	みなもと塾生警官。旧姓むぼう大丈夫。学者じぎするハチのす。	2021-04-09 00:00:00	2021-03-04 10:49:16.086382	2021-03-04 10:49:16.086382	5
229	Of Human Bondage	ゆるむたて鈍器。老齢江戸希望する。丼あしくびようい。	2021-04-10 00:00:00	2021-03-04 10:49:16.095809	2021-03-04 10:49:16.095809	1
230	Of Human Bondage	ゆるむたて鈍器。老齢江戸希望する。丼あしくびようい。	2021-04-10 00:00:00	2021-03-04 10:49:16.100334	2021-03-04 10:49:16.100334	2
232	Of Human Bondage	ゆるむたて鈍器。老齢江戸希望する。丼あしくびようい。	2021-04-10 00:00:00	2021-03-04 10:49:16.108887	2021-03-04 10:49:16.108887	4
233	Of Human Bondage	ゆるむたて鈍器。老齢江戸希望する。丼あしくびようい。	2021-04-10 00:00:00	2021-03-04 10:49:16.113198	2021-03-04 10:49:16.113198	5
235	Waiting for the Barbarians	安泰復旧遺失。浸す迷子こくふくする。あれる賢明半額。	2021-04-11 00:00:00	2021-03-04 10:49:16.12242	2021-03-04 10:49:16.12242	1
236	Waiting for the Barbarians	安泰復旧遺失。浸す迷子こくふくする。あれる賢明半額。	2021-04-11 00:00:00	2021-03-04 10:49:16.126596	2021-03-04 10:49:16.126596	2
238	Waiting for the Barbarians	安泰復旧遺失。浸す迷子こくふくする。あれる賢明半額。	2021-04-11 00:00:00	2021-03-04 10:49:16.135417	2021-03-04 10:49:16.135417	4
239	Waiting for the Barbarians	安泰復旧遺失。浸す迷子こくふくする。あれる賢明半額。	2021-04-11 00:00:00	2021-03-04 10:49:16.139548	2021-03-04 10:49:16.139548	5
241	The Way Through the Woods	縛る差し上げるくつじょく。しゃくやふかさ歯を磨く。あくれい伐採やさしい。	2021-04-12 00:00:00	2021-03-04 10:49:16.149237	2021-03-04 10:49:16.149237	1
242	The Way Through the Woods	縛る差し上げるくつじょく。しゃくやふかさ歯を磨く。あくれい伐採やさしい。	2021-04-12 00:00:00	2021-03-04 10:49:16.153565	2021-03-04 10:49:16.153565	2
244	The Way Through the Woods	縛る差し上げるくつじょく。しゃくやふかさ歯を磨く。あくれい伐採やさしい。	2021-04-12 00:00:00	2021-03-04 10:49:16.161968	2021-03-04 10:49:16.161968	4
245	The Way Through the Woods	縛る差し上げるくつじょく。しゃくやふかさ歯を磨く。あくれい伐採やさしい。	2021-04-12 00:00:00	2021-03-04 10:49:16.166082	2021-03-04 10:49:16.166082	5
247	Beyond the Mexique Bay	ひんかく日欧うえる。かおつきしょうがっこう新婚旅行。投資きゅうりょう無駄。	2021-04-13 00:00:00	2021-03-04 10:49:16.175429	2021-03-04 10:49:16.175429	1
248	Beyond the Mexique Bay	ひんかく日欧うえる。かおつきしょうがっこう新婚旅行。投資きゅうりょう無駄。	2021-04-13 00:00:00	2021-03-04 10:49:16.179621	2021-03-04 10:49:16.179621	2
250	Beyond the Mexique Bay	ひんかく日欧うえる。かおつきしょうがっこう新婚旅行。投資きゅうりょう無駄。	2021-04-13 00:00:00	2021-03-04 10:49:16.187965	2021-03-04 10:49:16.187965	4
251	Beyond the Mexique Bay	ひんかく日欧うえる。かおつきしょうがっこう新婚旅行。投資きゅうりょう無駄。	2021-04-13 00:00:00	2021-03-04 10:49:16.192244	2021-03-04 10:49:16.192244	5
253	Dying of the Light	超〜しょうりゃく華やか。活用こいぬしょうがっこう。きょうはんしゃへいがいかたみち。	2021-04-14 00:00:00	2021-03-04 10:49:16.201527	2021-03-04 10:49:16.201527	1
254	Dying of the Light	超〜しょうりゃく華やか。活用こいぬしょうがっこう。きょうはんしゃへいがいかたみち。	2021-04-14 00:00:00	2021-03-04 10:49:16.206089	2021-03-04 10:49:16.206089	2
256	Dying of the Light	超〜しょうりゃく華やか。活用こいぬしょうがっこう。きょうはんしゃへいがいかたみち。	2021-04-14 00:00:00	2021-03-04 10:49:16.214689	2021-03-04 10:49:16.214689	4
257	Dying of the Light	超〜しょうりゃく華やか。活用こいぬしょうがっこう。きょうはんしゃへいがいかたみち。	2021-04-14 00:00:00	2021-03-04 10:49:16.219004	2021-03-04 10:49:16.219004	5
259	The Grapes of Wrath	ししょくみさきかんぜん。重いのき液体。ひかくする果てるいじん。	2021-04-15 00:00:00	2021-03-04 10:49:16.22974	2021-03-04 10:49:16.22974	1
260	The Grapes of Wrath	ししょくみさきかんぜん。重いのき液体。ひかくする果てるいじん。	2021-04-15 00:00:00	2021-03-04 10:49:16.234267	2021-03-04 10:49:16.234267	2
262	The Grapes of Wrath	ししょくみさきかんぜん。重いのき液体。ひかくする果てるいじん。	2021-04-15 00:00:00	2021-03-04 10:49:16.245884	2021-03-04 10:49:16.245884	4
263	The Grapes of Wrath	ししょくみさきかんぜん。重いのき液体。ひかくする果てるいじん。	2021-04-15 00:00:00	2021-03-04 10:49:16.250148	2021-03-04 10:49:16.250148	5
265	A Farewell to Arms	たいりく先週号。迷子輸出出版。脱税にるおきゃくさん。	2021-04-16 00:00:00	2021-03-04 10:49:16.259566	2021-03-04 10:49:16.259566	1
266	A Farewell to Arms	たいりく先週号。迷子輸出出版。脱税にるおきゃくさん。	2021-04-16 00:00:00	2021-03-04 10:49:16.263998	2021-03-04 10:49:16.263998	2
268	A Farewell to Arms	たいりく先週号。迷子輸出出版。脱税にるおきゃくさん。	2021-04-16 00:00:00	2021-03-04 10:49:16.272309	2021-03-04 10:49:16.272309	4
269	A Farewell to Arms	たいりく先週号。迷子輸出出版。脱税にるおきゃくさん。	2021-04-16 00:00:00	2021-03-04 10:49:16.276577	2021-03-04 10:49:16.276577	5
271	After Many a Summer Dies the Swan	希望するじゅうどう好き。半額壊す重い。いちだい下着ぐん。	2021-04-17 00:00:00	2021-03-04 10:49:16.285824	2021-03-04 10:49:16.285824	1
272	After Many a Summer Dies the Swan	希望するじゅうどう好き。半額壊す重い。いちだい下着ぐん。	2021-04-17 00:00:00	2021-03-04 10:49:16.290178	2021-03-04 10:49:16.290178	2
274	After Many a Summer Dies the Swan	希望するじゅうどう好き。半額壊す重い。いちだい下着ぐん。	2021-04-17 00:00:00	2021-03-04 10:49:16.298808	2021-03-04 10:49:16.298808	4
275	After Many a Summer Dies the Swan	希望するじゅうどう好き。半額壊す重い。いちだい下着ぐん。	2021-04-17 00:00:00	2021-03-04 10:49:16.303221	2021-03-04 10:49:16.303221	5
277	The Torment of Others	靖国神社防犯哀れむ。じょうじゅん体重寮生。評価切迫れつあく。	2021-04-18 00:00:00	2021-03-04 10:49:16.31385	2021-03-04 10:49:16.31385	1
278	The Torment of Others	靖国神社防犯哀れむ。じょうじゅん体重寮生。評価切迫れつあく。	2021-04-18 00:00:00	2021-03-04 10:49:16.318036	2021-03-04 10:49:16.318036	2
280	The Torment of Others	靖国神社防犯哀れむ。じょうじゅん体重寮生。評価切迫れつあく。	2021-04-18 00:00:00	2021-03-04 10:49:16.326783	2021-03-04 10:49:16.326783	4
281	The Torment of Others	靖国神社防犯哀れむ。じょうじゅん体重寮生。評価切迫れつあく。	2021-04-18 00:00:00	2021-03-04 10:49:16.330985	2021-03-04 10:49:16.330985	5
283	The Painted Veil	鍋掛けるこはん。ししょくだくりゅうじじょでん。芸者原油浸す。	2021-04-19 00:00:00	2021-03-04 10:49:16.340207	2021-03-04 10:49:16.340207	1
284	The Painted Veil	鍋掛けるこはん。ししょくだくりゅうじじょでん。芸者原油浸す。	2021-04-19 00:00:00	2021-03-04 10:49:16.344949	2021-03-04 10:49:16.344949	2
286	The Painted Veil	鍋掛けるこはん。ししょくだくりゅうじじょでん。芸者原油浸す。	2021-04-19 00:00:00	2021-03-04 10:49:16.353409	2021-03-04 10:49:16.353409	4
287	The Painted Veil	鍋掛けるこはん。ししょくだくりゅうじじょでん。芸者原油浸す。	2021-04-19 00:00:00	2021-03-04 10:49:16.357705	2021-03-04 10:49:16.357705	5
289	Terrible Swift Sword	春休み胃りょうど。乗せるはんそうとふ。迷路おきゃくさん好き。	2021-04-20 00:00:00	2021-03-04 10:49:16.366645	2021-03-04 10:49:16.366645	1
290	Terrible Swift Sword	春休み胃りょうど。乗せるはんそうとふ。迷路おきゃくさん好き。	2021-04-20 00:00:00	2021-03-04 10:49:16.371283	2021-03-04 10:49:16.371283	2
292	Terrible Swift Sword	春休み胃りょうど。乗せるはんそうとふ。迷路おきゃくさん好き。	2021-04-20 00:00:00	2021-03-04 10:49:16.379828	2021-03-04 10:49:16.379828	4
293	Terrible Swift Sword	春休み胃りょうど。乗せるはんそうとふ。迷路おきゃくさん好き。	2021-04-20 00:00:00	2021-03-04 10:49:16.3841	2021-03-04 10:49:16.3841	5
296	A Monstrous Regiment of Women	廉価果てる不可欠。境なおさら先週。ぶそうこくみんこわす。	2021-04-21 00:00:00	2021-03-04 10:49:16.397939	2021-03-04 10:49:16.397939	2
298	A Monstrous Regiment of Women	廉価果てる不可欠。境なおさら先週。ぶそうこくみんこわす。	2021-04-21 00:00:00	2021-03-04 10:49:16.406525	2021-03-04 10:49:16.406525	4
299	A Monstrous Regiment of Women	廉価果てる不可欠。境なおさら先週。ぶそうこくみんこわす。	2021-04-21 00:00:00	2021-03-04 10:49:16.410874	2021-03-04 10:49:16.410874	5
302	bubkkhbk	jhkhbb	2021-03-14 00:00:00	2021-03-14 00:53:19.827721	2021-03-14 00:53:19.827721	2
301	e;igoakfwofk	fnsjfewfmef	2021-03-08 00:00:00	2021-03-08 07:00:40.300477	2021-03-08 07:00:40.300477	1
304	j;kdlfgadkfmdsak;fl	jfsdjfskjfdkfjdsfjsdlfk	2021-04-27 00:00:00	2021-03-14 01:21:32.150015	2021-03-14 01:21:32.150015	2
305	fnkafasf	jfdasojfsadjfsfj	2021-04-28 00:00:00	2021-03-14 01:24:32.42076	2021-03-14 01:24:32.42076	2
311	自分に厳しくするよりもまずは思いやりを	周りに流されてというか自分の思い込みでというか、なんの意味もなく、ただ自分に厳しい人って倒れやすい気がする。自分の人生どうでもいいかもって昔よく思っていたから、自分を無意識に思いやれていない人の気持ちはよく分かる。ただ、自分を思いやるってことを知ると人生楽になるし、楽しみたい！って思える。	2021-03-30 00:00:00	2021-03-28 02:12:28.948426	2021-05-26 11:12:37.385395	1
310	健康を意識しすぎてもしんどいからほどほどが良い	政治や社会から個人の生き方、結婚などの連載されていた内田樹さんのエッセイをまとめた単行本。全部面白かったんだけど、”「健康志向」も適度が健康です”って章があって、健康！健康！ばかり言う時代はろくなもんじゃないとか、ナチズムも健康志向だったっていうのは健康を意識しすぎて少ししんどくなってた自分には衝撃であり、確かに逆に自分に厳しくなって人にも厳しくなってるとこあったから気付きだった！結論は人それぞれの適度があって、自分の体に耳を傾けるのが良いってこと。学んで試すのは大事だけども、自分の体がどうなってるか思いやりをもって行きたいと思えた。	2021-03-29 00:00:00	2021-03-28 02:03:48.961799	2021-05-26 11:14:28.128577	1
307	昨日の夜くらいから調子が悪いかも。。。	昨日は夕食後に久しぶりに腹痛だった。色は良い感じなんだけど、だいぶ軟便で粘液っぽいのが出てたから嫌な予感がした。\r\nそして、今日の朝は軟便だったけど、昨日のように粘液はなくて良かった。だけれども、一日中お腹が重い感じがして、発症直前と状態が多少似てる感じがするから怖い。無理せんとこう。	2021-03-24 00:00:00	2021-03-24 12:40:47.511056	2021-03-24 12:40:47.511056	1
308	今日は調子戻ってきた！	お腹の調子がこの数日いまいちよくなかったし、今日の朝もまだだいぶ柔らかかった。しかし！仕事に支障はなかったし、昼食も夕食も食欲あって美味しく食べられて良かった！食後の便意は少しあったけど、腹痛はないから調子よくなってきてる！ありがたい！	2021-03-25 00:00:00	2021-03-25 13:36:39.856295	2021-03-25 13:36:39.856295	1
325	jinklkm	n,n,nmn	2021-07-17 15:00:00	2021-07-18 05:46:48.669398	2021-07-18 05:46:48.669398	1
309	腸内環境が日々の生活にもたらす影響は大きい！	"「腸の力」であなたは変わる" 腸内環境によって生活全般がいかに左右されるかがわかる。また、糞便微生物移植によって、様々な病気が改善した例も載っているし、寄生虫を使った炎症性腸疾患の治療も先端医療の分野で進んでいるとのこと。希望はある。	2021-03-28 00:00:00	2021-03-28 01:23:59.97736	2021-05-26 11:13:00.425548	1
312	めちゃくちゃ苦しいだろうにここまでユーモア交えて描けるってすごいな	”腸よ鼻よ”\r\n作者自身が重症の潰瘍性大腸炎で入退院を繰り返しながらもその日常を笑いを交えて描いた作品。自分は薬を毎日服用することによって寛解状態を維持できているけど、重症の方は入院を繰り返したり、日常生活もままならない日も多いというのがよく分かる。本人はとても苦しいだろうにここまで精力的に活動しているのは勇気をもらえると同時に、重症になりたくないから自分の体に気を遣おうと思える作品だった。いろんな人に潰瘍性大腸炎を知ってもらえる入り口としても良い！不謹慎かもしれないけど、そこまで重症じゃないことがありがたいなとも思えた！	2021-03-31 00:00:00	2021-03-28 06:22:59.8111	2021-05-26 11:12:12.013457	1
315	今日は調子良くなってきた！	昨日は夕食後に腹痛があって、久しぶりにひどめの下痢をした。いつもなら出せば腹痛も治るんだけど、嫌な重さが続いてたのが不安で辛かった。けれども、今日は夕食後に普通の硬さのが出てくれたから、一安心！昨日はずっと強風吹いてたし、雨も降ってたからその影響が大きい気がする。強風の日は体おかしくなりやすいんだよな。それがわかってると安心感が違うね！	2021-03-29 00:00:00	2021-03-29 14:00:14.060202	2021-03-29 14:00:14.060202	1
317	やっぱ天候は影響するなあ	今日は調子よかったんだけど、夕食後に腹痛があって、ひどくはない下痢だったな。んで、出でもお腹は重たい感じがする。本当に雨降ったり特に強風な日はこうなるんだよなあ。神経が影響受けとる感じ。過敏性腸症候群の一種？？まあ、きっかけが比較的分かりやすいからその点は安心かな。	2021-04-04 00:00:00	2021-04-04 14:27:57.968167	2021-04-04 14:27:57.968167	1
313	病気になると日常生活のありがたみをしみじみ感じられるけれども。。。	”食べることと出すこと”\r\n”絶望名人カフカの人生論”などを書いた頭木弘樹さんの闘病エッセイ。自分が大学生の時にこの本を読んでカフカの作品に触れるきっかけになった。大学の時はだいぶネガティブだったから、絶望に寄り添ってくれる作品としてカフカを紹介してもらえたのはありがたかった。しかし、著者が自分と同じ病気で10年以上も闘病しているということはこの本で初めて知った。朝起きて痛みがないとそれだけで幸福感に包まれる。ということを述べているが、絶望に近いだけあって、こんなにも幸福を感じられる生活は幸福ではないのではないか？と続く。前向きはしんどいけど、辛さに共感してほしいという人にはぴったりの作品。	2021-04-01 00:00:00	2021-03-28 06:46:05.924172	2021-05-26 11:11:11.661285	1
306	テクノロジーの進歩がすごい！	調子はなかなか良い。すこしだけゆるいけど。"2030年すべてが「加速」する世界に備えよ"を読んだ。最新テクノロジーが融合して行くことによって凄まじい進歩が起こり、世界が一変する可能性を予測した本。もちろん医療も進展し、様々な病気の治療法も！とあり、読むだけでワクワクした！	2021-03-21 00:00:00	2021-03-21 07:48:50.351082	2021-05-26 11:13:44.566524	1
326	いい感じ！	いいよ！	2021-07-25 15:00:00	2021-07-26 10:25:55.000044	2021-07-26 10:25:55.000044	11
330	悪くないね	ii	2021-07-26 15:00:00	2021-07-27 10:29:37.573422	2021-07-27 10:29:37.573422	51
334	今日は１年に１度の内視鏡だ	落ち着いててよかったー！	2021-08-14 15:00:00	2021-08-15 03:26:28.783084	2021-08-15 03:26:28.860115	1
\.


--
-- Data for Name: relationships; Type: TABLE DATA; Schema: public; Owner: ucms_app
--

COPY public.relationships (id, follower_id, followed_id, created_at, updated_at) FROM stdin;
257	1	2	2021-07-12 10:54:38.156347	2021-07-12 10:54:38.156347
7	1	9	2021-03-04 10:49:16.471341	2021-03-04 10:49:16.471341
9	1	11	2021-03-04 10:49:16.481581	2021-03-04 10:49:16.481581
10	1	12	2021-03-04 10:49:16.486475	2021-03-04 10:49:16.486475
11	1	13	2021-03-04 10:49:16.492018	2021-03-04 10:49:16.492018
12	1	14	2021-03-04 10:49:16.496937	2021-03-04 10:49:16.496937
13	1	15	2021-03-04 10:49:16.502012	2021-03-04 10:49:16.502012
14	1	16	2021-03-04 10:49:16.507364	2021-03-04 10:49:16.507364
15	1	17	2021-03-04 10:49:16.512841	2021-03-04 10:49:16.512841
16	1	18	2021-03-04 10:49:16.518088	2021-03-04 10:49:16.518088
17	1	19	2021-03-04 10:49:16.52352	2021-03-04 10:49:16.52352
18	1	20	2021-03-04 10:49:16.528624	2021-03-04 10:49:16.528624
19	1	21	2021-03-04 10:49:16.533935	2021-03-04 10:49:16.533935
20	1	22	2021-03-04 10:49:16.539096	2021-03-04 10:49:16.539096
23	1	25	2021-03-04 10:49:16.554945	2021-03-04 10:49:16.554945
25	1	27	2021-03-04 10:49:16.569014	2021-03-04 10:49:16.569014
27	1	29	2021-03-04 10:49:16.579423	2021-03-04 10:49:16.579423
28	1	30	2021-03-04 10:49:16.584373	2021-03-04 10:49:16.584373
29	1	31	2021-03-04 10:49:16.589394	2021-03-04 10:49:16.589394
31	1	33	2021-03-04 10:49:16.599496	2021-03-04 10:49:16.599496
32	1	34	2021-03-04 10:49:16.604619	2021-03-04 10:49:16.604619
33	1	35	2021-03-04 10:49:16.60988	2021-03-04 10:49:16.60988
34	1	36	2021-03-04 10:49:16.614895	2021-03-04 10:49:16.614895
35	1	37	2021-03-04 10:49:16.620113	2021-03-04 10:49:16.620113
36	1	38	2021-03-04 10:49:16.625166	2021-03-04 10:49:16.625166
37	1	39	2021-03-04 10:49:16.63034	2021-03-04 10:49:16.63034
38	1	40	2021-03-04 10:49:16.635531	2021-03-04 10:49:16.635531
39	1	41	2021-03-04 10:49:16.640596	2021-03-04 10:49:16.640596
40	1	42	2021-03-04 10:49:16.6457	2021-03-04 10:49:16.6457
41	1	43	2021-03-04 10:49:16.650858	2021-03-04 10:49:16.650858
42	1	44	2021-03-04 10:49:16.655951	2021-03-04 10:49:16.655951
43	1	45	2021-03-04 10:49:16.661157	2021-03-04 10:49:16.661157
44	1	46	2021-03-04 10:49:16.666426	2021-03-04 10:49:16.666426
45	1	47	2021-03-04 10:49:16.671588	2021-03-04 10:49:16.671588
46	1	48	2021-03-04 10:49:16.677027	2021-03-04 10:49:16.677027
47	1	49	2021-03-04 10:49:16.682108	2021-03-04 10:49:16.682108
48	1	50	2021-03-04 10:49:16.687166	2021-03-04 10:49:16.687166
49	1	51	2021-03-04 10:49:16.69257	2021-03-04 10:49:16.69257
50	4	1	2021-03-04 10:49:16.698198	2021-03-04 10:49:16.698198
51	5	1	2021-03-04 10:49:16.703471	2021-03-04 10:49:16.703471
53	7	1	2021-03-04 10:49:16.714489	2021-03-04 10:49:16.714489
54	8	1	2021-03-04 10:49:16.719981	2021-03-04 10:49:16.719981
55	9	1	2021-03-04 10:49:16.725943	2021-03-04 10:49:16.725943
56	10	1	2021-03-04 10:49:16.731433	2021-03-04 10:49:16.731433
58	12	1	2021-03-04 10:49:16.741846	2021-03-04 10:49:16.741846
59	13	1	2021-03-04 10:49:16.747186	2021-03-04 10:49:16.747186
60	14	1	2021-03-04 10:49:16.752657	2021-03-04 10:49:16.752657
61	15	1	2021-03-04 10:49:16.758025	2021-03-04 10:49:16.758025
63	17	1	2021-03-04 10:49:16.769157	2021-03-04 10:49:16.769157
64	18	1	2021-03-04 10:49:16.774612	2021-03-04 10:49:16.774612
65	19	1	2021-03-04 10:49:16.78008	2021-03-04 10:49:16.78008
66	20	1	2021-03-04 10:49:16.785322	2021-03-04 10:49:16.785322
67	21	1	2021-03-04 10:49:16.790607	2021-03-04 10:49:16.790607
68	22	1	2021-03-04 10:49:16.796038	2021-03-04 10:49:16.796038
69	23	1	2021-03-04 10:49:16.80169	2021-03-04 10:49:16.80169
70	24	1	2021-03-04 10:49:16.807485	2021-03-04 10:49:16.807485
71	25	1	2021-03-04 10:49:16.812884	2021-03-04 10:49:16.812884
72	26	1	2021-03-04 10:49:16.818495	2021-03-04 10:49:16.818495
73	27	1	2021-03-04 10:49:16.824167	2021-03-04 10:49:16.824167
74	28	1	2021-03-04 10:49:16.829735	2021-03-04 10:49:16.829735
75	29	1	2021-03-04 10:49:16.835268	2021-03-04 10:49:16.835268
76	30	1	2021-03-04 10:49:16.840656	2021-03-04 10:49:16.840656
77	31	1	2021-03-04 10:49:16.846098	2021-03-04 10:49:16.846098
78	32	1	2021-03-04 10:49:16.851683	2021-03-04 10:49:16.851683
79	33	1	2021-03-04 10:49:16.857436	2021-03-04 10:49:16.857436
80	34	1	2021-03-04 10:49:16.862968	2021-03-04 10:49:16.862968
81	35	1	2021-03-04 10:49:16.868812	2021-03-04 10:49:16.868812
82	36	1	2021-03-04 10:49:16.874308	2021-03-04 10:49:16.874308
83	37	1	2021-03-04 10:49:16.880057	2021-03-04 10:49:16.880057
84	38	1	2021-03-04 10:49:16.885779	2021-03-04 10:49:16.885779
85	39	1	2021-03-04 10:49:16.895036	2021-03-04 10:49:16.895036
86	40	1	2021-03-04 10:49:16.900581	2021-03-04 10:49:16.900581
87	41	1	2021-03-04 10:49:16.906043	2021-03-04 10:49:16.906043
92	1	5	2021-03-08 01:13:23.199328	2021-03-08 01:13:23.199328
102	1	92	2021-04-04 03:03:54.505551	2021-04-04 03:03:54.505551
103	1	10	2021-04-21 06:11:09.015089	2021-04-21 06:11:09.015089
189	1	26	2021-04-21 07:04:08.742012	2021-04-21 07:04:08.742012
199	1	28	2021-04-21 07:26:16.437781	2021-04-21 07:26:16.437781
206	2	1	2021-04-21 13:30:44.75382	2021-04-21 13:30:44.75382
221	1	8	2021-05-30 07:13:28.334378	2021-05-30 07:13:28.334378
244	1	32	2021-07-12 10:31:39.859902	2021-07-12 10:31:39.859902
247	1	102	2021-07-12 10:32:56.949945	2021-07-12 10:32:56.949945
\.


--
-- Data for Name: schema_migrations; Type: TABLE DATA; Schema: public; Owner: ucms_app
--

COPY public.schema_migrations (version) FROM stdin;
20200525112557
20200607032538
20200610132059
20201111030002
20201115015429
20210116124735
20210125071004
20210207031934
20210207233007
20210212103138
20210217101831
20210225103519
20210303013155
20210523023316
20210523023509
20210523023605
20210523023930
20210523024026
20210718023954
20210720232147
20210729132941
\.


--
-- Data for Name: users; Type: TABLE DATA; Schema: public; Owner: ucms_app
--

COPY public.users (id, name, email, seriousness, created_at, updated_at, password_digest, remember_digest, admin, activation_digest, activated, activated_at, reset_digest, reset_sent_at) FROM stdin;
7	岡本 輝	example-6@rail.org	軽症	2021-03-04 10:48:25.522428	2021-03-04 10:48:25.522428	$2a$12$VAFSapv362gsB8Jl.DrDQOPyGeQ6RwH2jZcJj528Gs2a7o9456KIO	\N	f	$2a$12$qSAo0BEfXM7lVZLRKDLu7eaPrUgP8hRxCLa.Gqi52Q0.6neFxKWeG	t	2021-03-04 10:48:24.993529	\N	\N
8	工藤 大樹	example-7@rail.org	軽症	2021-03-04 10:48:26.055396	2021-03-04 10:48:26.055396	$2a$12$Ci9VT0js1eWArMDau7qWseqL1LDg.jKJpg/IhMUjnGp7I8u0tu5s2	\N	f	$2a$12$kOZj19/s0RQDaTNbVu9CBue9Pidxhq6xcoTsAfY6zGcuPpnydNC.u	t	2021-03-04 10:48:25.52606	\N	\N
9	高木 陽菜	example-8@rail.org	軽症	2021-03-04 10:48:26.586891	2021-03-04 10:48:26.586891	$2a$12$KXpXc6GcZt2UvYsVv2udxuvjTv813AuxCW3gxs/mBcumHzJHmeyvm	\N	f	$2a$12$VhX.siQGsLkjX1BcF30Dx.VRsHU4Td1Y/npagxUnHnZXLOuEH2fru	t	2021-03-04 10:48:26.059022	\N	\N
10	丸山 さくら	example-9@rail.org	軽症	2021-03-04 10:48:27.118814	2021-03-04 10:48:27.118814	$2a$12$oAPENgEWkivp.6nAQ/WjD.3oMzeY6dxfaLBeGPLTqySo8DAd3pc5G	\N	f	$2a$12$BeP4x8RSQG3Qe7zB/hR23eaRlZHFMu8KdoyUDHNcMOOeCPf2F1.jy	t	2021-03-04 10:48:26.590612	\N	\N
11	野口 美緒	example-10@rail.org	軽症	2021-03-04 10:48:27.650987	2021-03-04 10:48:27.650987	$2a$12$R9x3/SgMftI/mEXJ2VgCo.shl0BMJ8WraBTHwb/qGLj7IjJbyKimi	\N	f	$2a$12$dECYfeiKojJYdJxJw1Cp7Oo3B2XV39kLNzod.N0cOTiLR5Wn6FzSm	t	2021-03-04 10:48:27.122409	\N	\N
12	中村 真央	example-11@rail.org	軽症	2021-03-04 10:48:28.182864	2021-03-04 10:48:28.182864	$2a$12$2smUTMlEUDqWloiLhD/2wOHNvU6O7mjUUkMCOBlgo95wHqL9xxLXy	\N	f	$2a$12$buKeCdHTdjDvHS1IGUIkh.HZ9VVhVQujZfxeoQ9YTUJkvoy.3K4jK	t	2021-03-04 10:48:27.654789	\N	\N
13	金子 優花	example-12@rail.org	軽症	2021-03-04 10:48:28.714696	2021-03-04 10:48:28.714696	$2a$12$0Ibbb3s6SiEfWb4UnSKi2uwCJ.YNeNkJAGhvdSHZbnUYOaUBXU4kS	\N	f	$2a$12$aocOMDAViu22N2fV4zjXROZazfVKWnL2.kHxhrOB2VWmRWHCv4Z22	t	2021-03-04 10:48:28.186745	\N	\N
14	村上 花音	example-13@rail.org	軽症	2021-03-04 10:48:29.248454	2021-03-04 10:48:29.248454	$2a$12$Xdg45myRaMUvyZR1Z7JNSeTE6FlIoRpuutrbNesQFixQbqTBenR/6	\N	f	$2a$12$yWChcdhcaGG8U5ZFJVK73eUNjarDPXGT1loUBSAoSNbC6YnUQxv2a	t	2021-03-04 10:48:28.718865	\N	\N
15	田村 玲奈	example-14@rail.org	軽症	2021-03-04 10:48:29.782455	2021-03-04 10:48:29.782455	$2a$12$2AQ8kFw3SPAo9d1yxbI2zup.Pynw7KfmWqN.YY1jxCV8JUF6sDLUG	\N	f	$2a$12$XA263Oz269gkSi8pmrGy7uuXbB7JELZcGDli7Iyk.uD6y4qEojF6y	t	2021-03-04 10:48:29.252279	\N	\N
16	安藤 恵	example-15@rail.org	軽症	2021-03-04 10:48:30.31418	2021-03-04 10:48:30.31418	$2a$12$b5pevdFAexdCoNi7aZKWlONIvJEPfSrqC7LI3j7NRneQLr3z7.pru	\N	f	$2a$12$PEpPGfMMRgYtaqLs29meF.9QRd1CiRxf.3vzAT6ykHYPJMbNzDoOC	t	2021-03-04 10:48:29.786181	\N	\N
17	岡本 陽菜	example-16@rail.org	軽症	2021-03-04 10:48:30.845482	2021-03-04 10:48:30.845482	$2a$12$zzR8hSDFkPvJ61vtshnZY./qf13Q/FTlaEFUESRRl8pKxNf3ZTtg6	\N	f	$2a$12$1kyCjZHDfJho6BgGQi3x7e2jJlK9QsL/tBt4tBmthrccgbTpitnkC	t	2021-03-04 10:48:30.318007	\N	\N
18	小島 遥	example-17@rail.org	軽症	2021-03-04 10:48:31.37784	2021-03-04 10:48:31.37784	$2a$12$PVnVTFu2Dg3Hn4BJWk8tPu8S0VYF2Oq4/NimmVbYvOu91mo7xGfoO	\N	f	$2a$12$.5IFZFnL607BaAQz8m6Gee57I5zmZLbftSwOwaFFiDR540f4t.lrG	t	2021-03-04 10:48:30.849177	\N	\N
19	久保 亮太	example-18@rail.org	軽症	2021-03-04 10:48:31.91035	2021-03-04 10:48:31.91035	$2a$12$QN3CJw4cKjiRNbspKBZ3EuVmX5jMC1F4fL0JGAM8WH5PQ2GmQBy22	\N	f	$2a$12$rS13K/exWMbUQtymScC1T.drqmHP51NLlYImGCAnnCsESZOV43CMC	t	2021-03-04 10:48:31.381809	\N	\N
20	後藤 陽	example-19@rail.org	軽症	2021-03-04 10:48:32.442353	2021-03-04 10:48:32.442353	$2a$12$cLN3jaBMkMQSxGDFMsfIG..YnnagV4wDP16aReBjw4m/dNHUSIdX.	\N	f	$2a$12$wy5TZyufJdX4xyRx4ENeFul/TG3yjns79RMdNrJgcogwpRykud3i6	t	2021-03-04 10:48:31.914522	\N	\N
21	山本 綾乃	example-20@rail.org	軽症	2021-03-04 10:48:32.974095	2021-03-04 10:48:32.974095	$2a$12$pE8m6Cl7N4AIUa.I.12HwuUcngugRhE.3grWzLBXCHo/b4cLATn3C	\N	f	$2a$12$vGGJwnKutk3m9BvuoWeAAuQYPGLjkE9Aag2GE2t0J2RebkB8I3nKq	t	2021-03-04 10:48:32.446131	\N	\N
22	松本 誠	example-21@rail.org	軽症	2021-03-04 10:48:33.506132	2021-03-04 10:48:33.506132	$2a$12$UGHxzHP7W66IiN5LkCuWCOT5s/L01.QoQlZYGNIOyQv40f8jeHmoW	\N	f	$2a$12$cppO08VTTBlnLntK0vdVmevnRLQhB8k4D4X7tw.XSDBgTA4AXpeEO	t	2021-03-04 10:48:32.978049	\N	\N
23	林 諒	example-22@rail.org	軽症	2021-03-04 10:48:34.041471	2021-03-04 10:48:34.041471	$2a$12$HPO5Qca9Pq2sD0lY.lMLreDCn687bIg8EDJ7Y4Avb3O2J0SOG/nDq	\N	f	$2a$12$zB2uo8OhjtiHRXqNwZc/BeRrXoIS2WrGDhe.aO.pIW8Oe.hmKTs1y	t	2021-03-04 10:48:33.509843	\N	\N
24	竹内 駿	example-23@rail.org	軽症	2021-03-04 10:48:34.57339	2021-03-04 10:48:34.57339	$2a$12$t1nhVilwskOjj5aXAKf0S.YESzDAhiR90iF6qIaaYwk2eFDOrGO0y	\N	f	$2a$12$pwCtkPKLnngexUGwkrDjDehURc5KpP3/Wp2EdivbqiHW8yX520QaC	t	2021-03-04 10:48:34.045141	\N	\N
25	菅原 亮	example-24@rail.org	軽症	2021-03-04 10:48:35.104754	2021-03-04 10:48:35.104754	$2a$12$8NG8UGiM2.Hhty.zOdCEVeripbkqUJAuSoJtnqu84KogXFZs9UdlW	\N	f	$2a$12$rbURBQyWRZizfE3kgezZ1uVhQnvamVl5hGSHeqmVrZFhpGowSJyky	t	2021-03-04 10:48:34.576992	\N	\N
26	松田 優菜	example-25@rail.org	軽症	2021-03-04 10:48:35.636444	2021-03-04 10:48:35.636444	$2a$12$FdsrPfFPCDdRnv6lOdvXW.Xm0k0mXU5ZlJMKxZt3UaaIlCFZm1MdK	\N	f	$2a$12$VZMCSp4B.tNt7fhWUiVmmOoP22HfJ/s/ybTeiGsWs0bf4S0qe60Am	t	2021-03-04 10:48:35.10841	\N	\N
27	井上 楓	example-26@rail.org	軽症	2021-03-04 10:48:36.167796	2021-03-04 10:48:36.167796	$2a$12$dLCi78a1HPb44kxFv8V7KOrN80pGBvMaceCi1kV0l5M6kGBQ5AlHS	\N	f	$2a$12$KHarg2rSp9K/D9GbphzQP.jR6XERDOp6vqdMChdOyCq8odrDdDmqW	t	2021-03-04 10:48:35.6405	\N	\N
28	工藤 彩花	example-27@rail.org	軽症	2021-03-04 10:48:36.703154	2021-03-04 10:48:36.703154	$2a$12$wM0ex1HcE1wSgKQuNQnpkul.sfJSB9gn55iaDJZHPVghz5fJx50dK	\N	f	$2a$12$XpkN.0f7Lhob1S6fcUruse9fk/XpvbDddBwko.d4Kt8XBtzPtK6dC	t	2021-03-04 10:48:36.17144	\N	\N
29	野村 莉子	example-28@rail.org	軽症	2021-03-04 10:48:37.235045	2021-03-04 10:48:37.235045	$2a$12$jnpupDhLEY4297AvaGcM9eGPcKrcesII8arQQLsrJ07l13GfZogty	\N	f	$2a$12$DzJwxPJPyWIzxZjHMK2ZJu19mceqV9qucTIttDKhWGowqhKfnTuma	t	2021-03-04 10:48:36.707169	\N	\N
30	佐藤 舞	example-29@rail.org	軽症	2021-03-04 10:48:37.766632	2021-03-04 10:48:37.766632	$2a$12$b0v7vCaT6KupgGIV8HS7NO4O.zgXF1K/N7eXvw0ZMtADcIFSHtgjm	\N	f	$2a$12$4FC7cmB2.ZAjcwX8aUbWtOoxcW3sdRqNZB7mZ2lohmsbGmmkC6F6K	t	2021-03-04 10:48:37.238614	\N	\N
31	河野 光	example-30@rail.org	軽症	2021-03-04 10:48:38.298615	2021-03-04 10:48:38.298615	$2a$12$VAZSJYvpLi.iGzAfVYS5du1Hq69/2UbKyqnNeqXUAg45NmLHCTucC	\N	f	$2a$12$xDcm7iNcYbevxSUX/CL8oOqhfHTb8b3U1TVPPBKJvPUHL6yHmLg7u	t	2021-03-04 10:48:37.770162	\N	\N
32	阿部 諒	example-31@rail.org	軽症	2021-03-04 10:48:38.82996	2021-03-04 10:48:38.82996	$2a$12$vYZ9bkrMOqSbYdioGXmh/urG/AO6ZVCBOHGEuydRHa7EajWEwdGVy	\N	f	$2a$12$jffJQe5Fgld3G/C0tLP3T.IlmKlXTsHeWvTNXd1ZFQb/ka1A26n6a	t	2021-03-04 10:48:38.302228	\N	\N
33	青木 優	example-32@rail.org	軽症	2021-03-04 10:48:39.364702	2021-03-04 10:48:39.364702	$2a$12$zNpNYSP5UfAbCymJL6Vqw.xqy8no8iWUVk/WBazzaQUOpjmqChWM2	\N	f	$2a$12$KvvfQFYYjqFLpbnv7Y.mcev9n61b4vaOgX1eGtH7VSVG.Eqf7oyqK	t	2021-03-04 10:48:38.833827	\N	\N
34	野村 瑛太	example-33@rail.org	軽症	2021-03-04 10:48:39.896829	2021-03-04 10:48:39.896829	$2a$12$AFN6.JXCDalrNMT4yihudOxpCPqSePWoFSruelNhqOJEuQbwu5EJO	\N	f	$2a$12$aoPGNE5W6VtHEM5hUmREf.TgaQZrnFS44fWh6ifnk0T7kEZ7WgYA.	t	2021-03-04 10:48:39.368551	\N	\N
2	石田 美優	example-1@rail.org	軽症	2021-03-04 10:48:22.846609	2021-06-05 13:15:13.352732	$2a$12$ufmtVlg8CBn0m8DkAX/K.e3Mk/AFLfG2Or8R1ub14WId04RzpV9ve	\N	f	$2a$12$89WIA2.nnvivKxcqwjMyleu6GqC6/NnupMUQ.4ydaHCCkJfTqolRK	t	2021-03-04 10:48:22.31536	\N	\N
4	吉田 優菜	example-3@rail.org	軽症	2021-03-04 10:48:23.92476	2021-05-22 01:44:01.7445	$2a$12$VoLIubxRZ4YEugNyfBasyeY2mkj4iNPVErMj4eJkImhGzRGelhVLq	\N	f	$2a$12$3bkN7bw5n63cJx9vI87Kr.1Gp5CnLnbf7q5IyJtCy6mjAsEfxWzEq	t	2021-03-04 10:48:23.396295	\N	\N
5	安藤 奈々	example-4@rail.org	軽症	2021-03-04 10:48:24.458893	2021-05-22 02:02:30.963481	$2a$12$JgIScroairPKC6IwBv2Di.4u6orpKaxRw11WB8/8DbFrh2kW.3nne	\N	f	$2a$12$RFkZAMaAYNH8nSUqlpFEM.RsL1KkSxPyPHtQcafkQYsPZKn2wxjwe	t	2021-03-04 10:48:23.928602	\N	\N
35	岡本 結衣	example-34@rail.org	軽症	2021-03-04 10:48:40.428774	2021-03-04 10:48:40.428774	$2a$12$/CTD1hFGwVKWRgSKJg5douusasWKSG5G67GhMXQ1vBs1.ZR77ooVm	\N	f	$2a$12$xnYnthrg8qqLqDGQMm4n7OH1tl91arIcVOzQOsK5b5jfNOgv50hSG	t	2021-03-04 10:48:39.900454	\N	\N
36	和田 玲奈	example-35@rail.org	軽症	2021-03-04 10:48:40.961015	2021-03-04 10:48:40.961015	$2a$12$ZkcyRLzYanpH1JgUohcy/uoW6CKXa0PrpSd0Z1Ptz.T2PBStVPQlG	\N	f	$2a$12$93BzKMCs1yPqvTVfEUqlVO/qcEOkeMAjRm0wPYOec4Je46XlYgoc.	t	2021-03-04 10:48:40.432852	\N	\N
37	佐藤 樹	example-36@rail.org	軽症	2021-03-04 10:48:41.493395	2021-03-04 10:48:41.493395	$2a$12$RxJAKnkDFcSoucQzGdXk.ee4VHjkwP99nwTwEyFgfWI/TSd0Tapoy	\N	f	$2a$12$oEAzuqqoxNLFSaHE/8Ul.eYbU.RH.nKmPrHCy7I2zMgwWT8B8Hgzi	t	2021-03-04 10:48:40.964883	\N	\N
38	加藤 恵	example-37@rail.org	軽症	2021-03-04 10:48:42.025499	2021-03-04 10:48:42.025499	$2a$12$4gUuZuTegrnSjO0H5Gn7/uBA2hQtr4FqldZQc4VHqq/cBLn5bEbcS	\N	f	$2a$12$/gtcdm4mclEXCwTHew6ONOGe0tsOiJkduutqB1ggLZnW7wDOrjLei	t	2021-03-04 10:48:41.497059	\N	\N
39	中島 瑛太	example-38@rail.org	軽症	2021-03-04 10:48:42.557454	2021-03-04 10:48:42.557454	$2a$12$ogwVGZWD/HrhpE2nF3NnpOqZqnICLE1Pl00SZ/NfXAT26ADfssp8e	\N	f	$2a$12$OwX8OlafqINLH37b9T1Rxun7ghw8TNeMBmtdOpdfnn7edpTumU9TW	t	2021-03-04 10:48:42.029092	\N	\N
40	内田 大樹	example-39@rail.org	軽症	2021-03-04 10:48:43.091018	2021-03-04 10:48:43.091018	$2a$12$Kyo/0Rzolw1RgTtvC64dRuN7Ut1WZUayK7EqaKlQozIJaavhp3ZPi	\N	f	$2a$12$9CgRvnDRvw7quDUg1bJmfujfRBApZTFxgkX5q6573Qbpv5kGano3m	t	2021-03-04 10:48:42.561179	\N	\N
41	遠藤 葵	example-40@rail.org	軽症	2021-03-04 10:48:43.622422	2021-03-04 10:48:43.622422	$2a$12$1So8h9lVlqsYbCAlrppjt.WRKrqGCBNBOpWydZ/heb7EzHVSBeeeS	\N	f	$2a$12$vZr4lSLc3WnKaP9W6Ih95u1B9mRSzBh8wXdokNjB5omM/ySjLj7pm	t	2021-03-04 10:48:43.094732	\N	\N
42	林 桜	example-41@rail.org	軽症	2021-03-04 10:48:44.154085	2021-03-04 10:48:44.154085	$2a$12$3Z/sNwkwSGiD2.HbYmGMhOhZY7pxwDv1xf2D9C9uKmY8gR0UWcxWm	\N	f	$2a$12$d4SUTh9iW53ZeBlSJrraluil5gCC4wQDPxX/H4faC.M2VaTMjDEUS	t	2021-03-04 10:48:43.626265	\N	\N
43	山崎 大輝	example-42@rail.org	軽症	2021-03-04 10:48:44.686188	2021-03-04 10:48:44.686188	$2a$12$cX0BEAJ9NXEYa49wPj8BPeqaNmksLFRTZBefiTTp5QTOesUBhYCtm	\N	f	$2a$12$5kg7CsVhgTnLgfH09D6Q8uK8QCEK9owK.1/eqr3JOspqQHPG/lKg.	t	2021-03-04 10:48:44.157947	\N	\N
44	森 直樹	example-43@rail.org	軽症	2021-03-04 10:48:45.217913	2021-03-04 10:48:45.217913	$2a$12$x5a2.BLJrTCQpu7zuYDz.OalEt8v/MBXMEmqqzcjA7g5syU4OP4r2	\N	f	$2a$12$R9e4IVvp1EhA9u0c2wMCzOpOEX5/rz3Ix.jCDSKXM0DBMv8PbDVyC	t	2021-03-04 10:48:44.689853	\N	\N
45	中山 優花	example-44@rail.org	軽症	2021-03-04 10:48:45.749689	2021-03-04 10:48:45.749689	$2a$12$okxmNq3PnOVTwvLhPBKmYekeZBbYjQ9e7D3LVpNt9GZm2n1ZQ.J66	\N	f	$2a$12$RW/yk3Ltw/gMqpKFh3JwbO/HVJBjA.OQUF6rZCUw5s.8EHxAoPAze	t	2021-03-04 10:48:45.221437	\N	\N
46	原 陽子	example-45@rail.org	軽症	2021-03-04 10:48:46.282023	2021-03-04 10:48:46.282023	$2a$12$F0j1kN3DUyXxpnLVnFo3iOwgUDAneNEg1jF8DIEeUUt1a8eXp8a9i	\N	f	$2a$12$U7hesKVbhKVEmF9yGPGveuDyO/WqUKMn/CdssyNnALFk3eun/H4vC	t	2021-03-04 10:48:45.753286	\N	\N
47	上田 蓮	example-46@rail.org	軽症	2021-03-04 10:48:46.813655	2021-03-04 10:48:46.813655	$2a$12$hXKiwLH.yhwY7PzxU2qcWeI1v78m1Yj.ldoiHKv/4UG6Ttbzn/s36	\N	f	$2a$12$Q3p9N0gr40OqgMQc4zKVCutKKFS3mUeE5cgtHKRSYFzyjEeDPZfhy	t	2021-03-04 10:48:46.28594	\N	\N
48	大塚 大和	example-47@rail.org	軽症	2021-03-04 10:48:47.351845	2021-03-04 10:48:47.351845	$2a$12$DrZmNqgODvFfXWggiiWfWOx7kPXVxL0Q0LmYpBOq8bnWLUkhmt4tW	\N	f	$2a$12$TpriXMkhfqqsadFp3jxK4u5axPNE2y8bN5HV4HRSuG4gUGZnWY/sq	t	2021-03-04 10:48:46.817348	\N	\N
49	石井 碧	example-48@rail.org	軽症	2021-03-04 10:48:47.883371	2021-03-04 10:48:47.883371	$2a$12$MYMUmnDO5H2z4SXS17YKC.qGdh6xIn28dof2sUJmzIxYsqB27TNI.	\N	f	$2a$12$qVpIZTczZFFadSyNrcmSNO1raBodCTCc6HWIxR4YHAlklnSrJQ3HK	t	2021-03-04 10:48:47.355443	\N	\N
50	加藤 陽子	example-49@rail.org	軽症	2021-03-04 10:48:48.417072	2021-03-04 10:48:48.417072	$2a$12$1VhciCe39j8zo/rKD6KpMugQ7E6DQNBsgrRdGMzdn.vu4mUgjQHNW	\N	f	$2a$12$AzdLaxzmlWiVNRdfJh2nLeixnFGKo2cHP6fbG3swpPqwnF8V/Wy6C	t	2021-03-04 10:48:47.888503	\N	\N
52	村田 美羽	example-51@rail.org	軽症	2021-03-04 10:48:49.483895	2021-03-04 10:48:49.483895	$2a$12$LSYxUHvehH1SD6nWdGkoMOJOxxina970o.OI0rVfhIXo68VIMW7b2	\N	f	$2a$12$FaXrzqwfGW0N3h7yFZd4CemXUy0jUnPcx0iVNYxa4/57hpXK4aCqi	t	2021-03-04 10:48:48.951832	\N	\N
53	上野 太郎	example-52@rail.org	軽症	2021-03-04 10:48:50.015358	2021-03-04 10:48:50.015358	$2a$12$CjE85PBWWsabBSHY6rWPOe.NCHLQo7AFb4eCGa8nn18WL.nCsiKeK	\N	f	$2a$12$iMqTybGSlVkAHujeJS3VpudacuP/d5KKkV/p4WDSGW4w35VOr4vJG	t	2021-03-04 10:48:49.487594	\N	\N
54	大野 誠	example-53@rail.org	軽症	2021-03-04 10:48:50.546602	2021-03-04 10:48:50.546602	$2a$12$7woMZetDKSZJ9CTF2sBIVe/PNn3YDqc5CPjwrkX9Qnh2aETBigX0.	\N	f	$2a$12$X3axPiOGCpAzFycat2vCme2jpPO5GJy7LJLSbEQRHYAjJlpxsO6u6	t	2021-03-04 10:48:50.019052	\N	\N
55	三浦 裕子	example-54@rail.org	軽症	2021-03-04 10:48:51.082003	2021-03-04 10:48:51.082003	$2a$12$VdhWqNYVGewrykwAMWsttOsVfYup5OMEyNJRT2lry0iNwiv9RGZ62	\N	f	$2a$12$K4rj86ZkzQtXZicudsoX9eKTKzrBWDIlkPmFXwplR/HL2E3DU2nja	t	2021-03-04 10:48:50.550446	\N	\N
56	竹内 翔	example-55@rail.org	軽症	2021-03-04 10:48:51.614172	2021-03-04 10:48:51.614172	$2a$12$EIDW9UZtsD2Cal1PQKahCuofXIqWHnpK0RA1asm3m3uUTOHqq2vuq	\N	f	$2a$12$87S2duFat1U.0C15ao15o.xCeYOuDAOyj6dPBrAYkjHhBsPdO7/B.	t	2021-03-04 10:48:51.085516	\N	\N
57	小山 桜	example-56@rail.org	軽症	2021-03-04 10:48:52.146317	2021-03-04 10:48:52.146317	$2a$12$pFvXK5GRX/8JKIZ8Agrr2ut/7LIahOB5eEpF50DvgZ3MDfJY.lc6q	\N	f	$2a$12$luRdFClYflWyzTKKgTPP1OEy9KiHC372IONzL7COKgs40acChK36y	t	2021-03-04 10:48:51.617742	\N	\N
58	佐々木 千尋	example-57@rail.org	軽症	2021-03-04 10:48:52.679096	2021-03-04 10:48:52.679096	$2a$12$VNejt8zqIyEp3EaTdEr2x.Pbpv5n/AzaoJyJ0R28ohsgiVpQ3xsQO	\N	f	$2a$12$wLD9P1v9cFe6jLXo4t03NujB7EOOCD29PmppWIAiUVFpCqE5F71by	t	2021-03-04 10:48:52.149919	\N	\N
59	工藤 恵	example-58@rail.org	軽症	2021-03-04 10:48:53.211508	2021-03-04 10:48:53.211508	$2a$12$C3hzFJB53uRwxHtqoEqkZ.MVp4LEKZ4Cg2q9/hzy9U0vWzm42HHgC	\N	f	$2a$12$EhlkcTE2Jq7awmLlURn16eoACujPQD.jc3WZmt05JkR63gYvWiOC.	t	2021-03-04 10:48:52.682867	\N	\N
60	石川 空	example-59@rail.org	軽症	2021-03-04 10:48:53.744209	2021-03-04 10:48:53.744209	$2a$12$N2OODp9/JJy8UqwTnbdY8OrAHSmwrvVMGrGx99jaeEI.dLDKGbIF2	\N	f	$2a$12$wsXDp.SzhKtGMO6J0cBeaeIBKZpEvtETFsOr1IoNb.gnFHYdbI8Qu	t	2021-03-04 10:48:53.216199	\N	\N
61	池田 結菜	example-60@rail.org	軽症	2021-03-04 10:48:54.277606	2021-03-04 10:48:54.277606	$2a$12$1BTdXUo4Ap6w5cGtKh0J5OOZkSa/.suTG0FCjjdpBdVCf7XvrPNJq	\N	f	$2a$12$zX0PIaEDnyPyz.RREgUDkejBl3te1tEet3EcMKSzdZ99W9XgQYVpy	t	2021-03-04 10:48:53.748152	\N	\N
62	斎藤 舞	example-61@rail.org	軽症	2021-03-04 10:48:54.810379	2021-03-04 10:48:54.810379	$2a$12$fH6dFRclsud/LrBEp46TXugCToid5YhtREgZFS8YcIv.utv2sU4XG	\N	f	$2a$12$T4Pn8N4qaHbcAbN0WfvAFu8kvyoJf8m6FK2gCtNWWLWPjnu4lJCHC	t	2021-03-04 10:48:54.281286	\N	\N
63	田村 太一	example-62@rail.org	軽症	2021-03-04 10:48:55.34374	2021-03-04 10:48:55.34374	$2a$12$CqNAznQPtUSuTsQramuJ4OlL.e2w8Y4b7g6Hy0XFOVhegbBU3z0Oa	\N	f	$2a$12$.V2uLThjqrhyrbrSHH3i0OtrBYtZrV5JQkpIw5LG/BpOUPDHlMily	t	2021-03-04 10:48:54.814311	\N	\N
64	菅原 誠	example-63@rail.org	軽症	2021-03-04 10:48:55.875783	2021-03-04 10:48:55.875783	$2a$12$4B7Fk2v3gV1yk.CNs3jZqOk92MG2CzEnwA7ifHlgdZPkghSNKUXbG	\N	f	$2a$12$44..JvnAUgJcLsvn7oNxfeVbMvkR4CSOlOsooaMOrMocUaREbZeXy	t	2021-03-04 10:48:55.347557	\N	\N
65	林 駿	example-64@rail.org	軽症	2021-03-04 10:48:56.407251	2021-03-04 10:48:56.407251	$2a$12$rRK17bBZkP3SwOLt0uiccuoX053uEtso5Ew3jUagC0Qv6accNoo6O	\N	f	$2a$12$lxjnnAW2M7tLCf1eICr9SeXXt/3mux5N59ty3DOYX7clf3LsioE6y	t	2021-03-04 10:48:55.87951	\N	\N
66	千葉 葵	example-65@rail.org	軽症	2021-03-04 10:48:56.938648	2021-03-04 10:48:56.938648	$2a$12$TRhr6pwj1FRFOnzIkPgqg.JLT1kVacdwzK3JdY622rOaEwngjboYW	\N	f	$2a$12$Kv1sdZmuacBnJUS3O6nPlOa/hvbmnnHO2my3OazlbINIVYo13z0E2	t	2021-03-04 10:48:56.410949	\N	\N
67	山本 美月	example-66@rail.org	軽症	2021-03-04 10:48:57.469828	2021-03-04 10:48:57.469828	$2a$12$TpFslOle993ixb3jdmFxhOv/LhYSMwv/sFd955vSVpUichc99ou1a	\N	f	$2a$12$UxE/SbC1GKX7wzGBDdTZzOU0v5fihqLsunCerY3Ll21IwN1BSnQiS	t	2021-03-04 10:48:56.942299	\N	\N
68	丸山 芽衣	example-67@rail.org	軽症	2021-03-04 10:48:58.001904	2021-03-04 10:48:58.001904	$2a$12$1RJVhm/Ki2CqL9MbucjCjuL.Wgol8Vhc6YcSnNxOE05B1JSoUzmDi	\N	f	$2a$12$a7RJ11t15NDlBqpp.mRcZefukT3UNSdb7EMzKuGpIVu4GGA0Z2po.	t	2021-03-04 10:48:57.473825	\N	\N
69	丸山 優菜	example-68@rail.org	軽症	2021-03-04 10:48:58.533543	2021-03-04 10:48:58.533543	$2a$12$3BZtYvv/jSA3bDB8.mkhr.jnWUt9L1xx.SIDAkcEonOh.Ng9YGeze	\N	f	$2a$12$ZbAhSen8PeUoBnmShKlSaO1h5s6FgpBMKxJFEOsqqSCQY3/9TSDCW	t	2021-03-04 10:48:58.005995	\N	\N
70	木下 彩花	example-69@rail.org	軽症	2021-03-04 10:48:59.066304	2021-03-04 10:48:59.066304	$2a$12$Uj8XEY84Q1iyFFlBkktrGel4czu4q7.aU4bxc/zXLs9plOldxeYSS	\N	f	$2a$12$/fb6.vSTn2UZDFOZKm4EX.7uXz/NjNpOwwYQ7hkQJmjuJF3UQZcLm	t	2021-03-04 10:48:58.537353	\N	\N
71	松井 舞	example-70@rail.org	軽症	2021-03-04 10:48:59.600395	2021-03-04 10:48:59.600395	$2a$12$IQ28PS0TFQjJ.dJAAqhQ0u712liF4UKaZYIrJwcdFZ8JZZLnKl3qe	\N	f	$2a$12$zhDgEcipNzcyWXwlEtJCg.ycdqWQoYkYhxXbKUtMeBQj1mUTIEFYm	t	2021-03-04 10:48:59.070079	\N	\N
72	原 優奈	example-71@rail.org	軽症	2021-03-04 10:49:00.132828	2021-03-04 10:49:00.132828	$2a$12$JLJqLUKS3KCEyVV3./5NnOVMSwo/rrH6rMSur7N6fG9Q4xIT/3Kku	\N	f	$2a$12$HbdHz.MEJToolMYRi9wDAuxGkdGf0.yOVDL3GrTqbjTHfQiPbRCZu	t	2021-03-04 10:48:59.60455	\N	\N
73	原田 翔	example-72@rail.org	軽症	2021-03-04 10:49:00.664187	2021-03-04 10:49:00.664187	$2a$12$zCNwV.JREGMgSudc.2eTGuhIGxQmEDavu6FmsyVf916rPcpmjPZke	\N	f	$2a$12$PjvvgW7Yt7PWuTdJ4cMOY.zKsUT9YJoeS1tSMDQE/VIFbEsAsAPvW	t	2021-03-04 10:49:00.136696	\N	\N
74	中山 大地	example-73@rail.org	軽症	2021-03-04 10:49:01.198798	2021-03-04 10:49:01.198798	$2a$12$3nkFC80f7Mj0cy.0uKvo6.aq2uhHC7lqQ1trhrT27twc4p/eCeBpq	\N	f	$2a$12$bWXdxTquhw/jEbx/MS9qV.nkzBmw94LUDD4FxKH6xIM5.46VKqLbm	t	2021-03-04 10:49:00.668226	\N	\N
75	加藤 結衣	example-74@rail.org	軽症	2021-03-04 10:49:01.732814	2021-03-04 10:49:01.732814	$2a$12$KbyxrwsRJKKCWxG1qWX/IeAP.wV6XYC5ZEbFbYBklWHjKpw5H/pcW	\N	f	$2a$12$3HH6mLykDfNGaFt5/3YYcefAt9gEH4g01xFGQmAI0PyxH2ep..vcS	t	2021-03-04 10:49:01.202642	\N	\N
76	大野 陸	example-75@rail.org	軽症	2021-03-04 10:49:02.265478	2021-03-04 10:49:02.265478	$2a$12$.MKtq3FJvNadb.FPMbql8.B4wzxMZVrZcFOAQU2U8dNC2aQ7R9b4e	\N	f	$2a$12$oF1dnw6K/nq/CRxngnvAVuMUS0/.RimCdzf4Dzu87IS2OXVYY14U2	t	2021-03-04 10:49:01.736671	\N	\N
77	上田 優	example-76@rail.org	軽症	2021-03-04 10:49:02.797328	2021-03-04 10:49:02.797328	$2a$12$j5/trYms/tXPDarYPMSh1u9bjvDUswCuqW24QzBkh.FkXm3rgbd8G	\N	f	$2a$12$hl7lgKolSsTcjGq/5P2OPevxoBCM0on4KrrBJyEWqaloh36o5nT2G	t	2021-03-04 10:49:02.269234	\N	\N
78	井上 健太	example-77@rail.org	軽症	2021-03-04 10:49:03.329235	2021-03-04 10:49:03.329235	$2a$12$C8fu6Q/NkhDNfX7Aze2OjO8CG904eStecawyruqnpWre6P8p9DIJS	\N	f	$2a$12$cnfnhtDi3Z.C/6GKmio/QOSNS9Yechykg39p9aM3Xw2OSEZS9hp8u	t	2021-03-04 10:49:02.801154	\N	\N
79	岡本 芽衣	example-78@rail.org	軽症	2021-03-04 10:49:03.861169	2021-03-04 10:49:03.861169	$2a$12$eVwX2OR/nirY.Vy/hYzNGePMLgmNSqQpQa978X6djNeg9N3a5nZ7m	\N	f	$2a$12$WzVLs6b.HKKneax.Ilpp1eiVfTMtJYsvM5FsECJJtNL1/Q0lVAI2q	t	2021-03-04 10:49:03.333	\N	\N
80	渡辺 大和	example-79@rail.org	軽症	2021-03-04 10:49:04.392119	2021-03-04 10:49:04.392119	$2a$12$ShzRPIZ/1hSSwO.cVf/yDO4maDE30T7nNzDy6paycStGYmcjOBp7.	\N	f	$2a$12$pXc5zkF0swf0.G6byuzsTe3OwfS3tx1WxMd04Ku3c5yvk6KjNiUri	t	2021-03-04 10:49:03.86487	\N	\N
81	安藤 駿	example-80@rail.org	軽症	2021-03-04 10:49:04.923346	2021-03-04 10:49:04.923346	$2a$12$F6F1vz8CVE6XYzbZfmD0ju/OrYvlJEneZ0wbOmf28mj/iRZUKCUUO	\N	f	$2a$12$HUPXIgy7KS2Wam0tIU3vk.9ZtTxECBjAQtgNeQs4NACb9TLfpNC7O	t	2021-03-04 10:49:04.395861	\N	\N
82	千葉 明日香	example-81@rail.org	軽症	2021-03-04 10:49:05.454536	2021-03-04 10:49:05.454536	$2a$12$B6Cgra6YUQplwdXq0ScnaOOrjQ/cQ2FWdxShI3yhdVX6Jh9Pb1VWi	\N	f	$2a$12$KOCH8oL/E2aK0fzyt1rP7Ormm8FZ8ph.L1GtYPAwB4V6bn4ukz.fW	t	2021-03-04 10:49:04.927115	\N	\N
83	高木 陽	example-82@rail.org	軽症	2021-03-04 10:49:05.989564	2021-03-04 10:49:05.989564	$2a$12$dJGTOZvqW./ktkJRYPVa6OOG00PNp.JM6lD.YENKBp0Sg8kZnPQtS	\N	f	$2a$12$nzuHyriYenBBimAY8tjisOhaHJoUJ.NqdULWQcmtlQZ2Pmqn8pT9O	t	2021-03-04 10:49:05.458315	\N	\N
84	木村 匠	example-83@rail.org	軽症	2021-03-04 10:49:06.521882	2021-03-04 10:49:06.521882	$2a$12$VTF5oKqpOwru95hMxJwwMu1XM3LrSslk7/5eJKJReahjzn1kKeAlq	\N	f	$2a$12$iG9j2MrCl/ZupmCFoRGTZerfIKrmuXiGIDtQkHFU7vOlesLGaUH8m	t	2021-03-04 10:49:05.993734	\N	\N
85	松田 優衣	example-84@rail.org	軽症	2021-03-04 10:49:07.054301	2021-03-04 10:49:07.054301	$2a$12$GquYuehpTUNs6zaMqq8TyuqMTIUA4XZcPgWPNuPdFoMALMRfKRPba	\N	f	$2a$12$Yy6T/vrCLZ4tHWGJGsGtne9FSdEFrouEomU.JPCWSw6IQHPQHhH5u	t	2021-03-04 10:49:06.525712	\N	\N
86	宮崎 智子	example-85@rail.org	軽症	2021-03-04 10:49:07.585572	2021-03-04 10:49:07.585572	$2a$12$XflvljYXl25Io9B1weVGQ.AulutiHS7b2ShnmoLxo./bn0siyKNqi	\N	f	$2a$12$edHGtE1G/sR7TQwqqjO5RO4lGIhe6QpuhVefDoTUzQPr4/fGuGQl2	t	2021-03-04 10:49:07.057618	\N	\N
87	村田 陽太	example-86@rail.org	軽症	2021-03-04 10:49:08.117117	2021-03-04 10:49:08.117117	$2a$12$MpvZjJwsYhbB7g5/go3E4eeGv300TRH7nbf4uqbm.lENKYkgfmUOa	\N	f	$2a$12$sDxJRW0G80Kl1BsF5noaCuhOsb0Vt/qj239Gd6w/0hGNafG9lP.cW	t	2021-03-04 10:49:07.58924	\N	\N
88	木村 綾乃	example-87@rail.org	軽症	2021-03-04 10:49:08.648751	2021-03-04 10:49:08.648751	$2a$12$8nNAwsMLCaXCmuD6r3zCWewTwVppWddyCzIWoPDZhbHvyJWfTYCrS	\N	f	$2a$12$PDtbDyTANGn9qQ7k49kKOeqkm1fHSItb9PwPuE8uARKDIDXBA4tHm	t	2021-03-04 10:49:08.120841	\N	\N
89	原 大樹	example-88@rail.org	軽症	2021-03-04 10:49:09.180679	2021-03-04 10:49:09.180679	$2a$12$wwZeRtnaLf6O0FSHI5D4.OP7CDp094iwc5JN3Wu7L8KewMEw9fWv6	\N	f	$2a$12$RADSEnMWohTHtDYPX5mU7usF0f8FPiAA2y7bqd2AC77wBduzKordK	t	2021-03-04 10:49:08.652864	\N	\N
90	木下 大輝	example-89@rail.org	軽症	2021-03-04 10:49:09.716952	2021-03-04 10:49:09.716952	$2a$12$IQMvU3DJI/udo5NjGhOpO.CN15StzNB1iOtE9lZe8.vTlDagM67xi	\N	f	$2a$12$71IrFOk52yZpKJBQAIGnI.OwV60AS4gfs/mbtRTpgqXUJa5RoSVFm	t	2021-03-04 10:49:09.184338	\N	\N
91	柴田 結衣	example-90@rail.org	軽症	2021-03-04 10:49:10.248802	2021-03-04 10:49:10.248802	$2a$12$u9mam1V8WbWm24ESTxQvjuetZFTA.ECrThgqMunESsNodzt4j.Hfy	\N	f	$2a$12$2pGvZqCkS32RbhMeKA14gOHnMhYN.pK8J0sLXfPHPJDeJRYX6WZ32	t	2021-03-04 10:49:09.72074	\N	\N
92	林 陽斗	example-91@rail.org	軽症	2021-03-04 10:49:10.780104	2021-03-04 10:49:10.780104	$2a$12$ioRc4Cdb6rFpB5Xp7HMx0enHJhhZcdp5lMd9jrj7/BgqUZDH0nxHS	\N	f	$2a$12$FkxbEJ98sAb1BHEbNZE1SesoeufwP0rOM8PX5FRN3pkF6gO3888Z6	t	2021-03-04 10:49:10.252703	\N	\N
93	前田 光	example-92@rail.org	軽症	2021-03-04 10:49:11.311868	2021-03-04 10:49:11.311868	$2a$12$Y/x28KkrcRV9Q5hQ4HC/T.H35l4BE6byBQb7uQbW1D8h6G4G3/UdK	\N	f	$2a$12$UdAekc63T24QCwiMCLvCHe..CoZGS9smjn42..K6Q6EedxpY1wGXG	t	2021-03-04 10:49:10.784059	\N	\N
94	長谷川 颯太	example-93@rail.org	軽症	2021-03-04 10:49:11.843995	2021-03-04 10:49:11.843995	$2a$12$g0/680a4.yNoMybT5cqrEO3X406/blT0IryE6iRSVIENYpadbeWHa	\N	f	$2a$12$6EQ7nOBJkvWwVJDiOkrpv.MHkl8BSAPYESa6niwWJIDQNDcGx49Gu	t	2021-03-04 10:49:11.315731	\N	\N
95	竹内 優斗	example-94@rail.org	軽症	2021-03-04 10:49:12.375157	2021-03-04 10:49:12.375157	$2a$12$aKwWcPjI1TX0Cql0nCwJ.e2nwJG8vRG1gMSbn2Ca3KHGiNWF22B7e	\N	f	$2a$12$cmC9/V493UuVAdBXngI/veIniBzg7pnOr5JzyAdLHUON6ez5CMy.6	t	2021-03-04 10:49:11.847735	\N	\N
96	中島 翔	example-95@rail.org	軽症	2021-03-04 10:49:12.906843	2021-03-04 10:49:12.906843	$2a$12$4NK7fsvKtQf2XWyFftmdbO9eRdmuIjKLsb.k6lWUZPDJHN3wNzT4y	\N	f	$2a$12$FPYdfZFV2COoqsna7LK7GuqqHdeiNQY0HSwNhYhREuIPHj/ocxs9m	t	2021-03-04 10:49:12.378944	\N	\N
97	斉藤 駿	example-96@rail.org	軽症	2021-03-04 10:49:13.44064	2021-03-04 10:49:13.44064	$2a$12$h88NQeunJK3BWHS8dABJFeISoiU6XUoeCxqTT3prIyZS/nnvaoFO.	\N	f	$2a$12$rStk9.ngQSVgx9j1oaxgOuJLP2CXwTY6mGbFOwFmztVo3wkbit9X.	t	2021-03-04 10:49:12.912505	\N	\N
98	林 裕子	example-97@rail.org	軽症	2021-03-04 10:49:13.972055	2021-03-04 10:49:13.972055	$2a$12$ZhI2qry96ViIg.vooNP.0uKL/GiEIREeI3gLBPoy1X387Vx.FlrRi	\N	f	$2a$12$PgpzXb9c8l2WQfBaVMSC3./qOr1rggJXhUyBkCW4eAyRti8UoF1em	t	2021-03-04 10:49:13.444268	\N	\N
99	千葉 茜	example-98@rail.org	軽症	2021-03-04 10:49:14.503436	2021-03-04 10:49:14.503436	$2a$12$NvTarx21lqpEaKc1JZ/8c.CN8cvQy5uPYc9liW.IobN4DXnows022	\N	f	$2a$12$4dsYgG8wrQ9gOvOJSaAJvuuU60O5TvARPmXblWcdH9PpgOyPqOaDK	t	2021-03-04 10:49:13.9753	\N	\N
100	原 愛子	example-99@rail.org	軽症	2021-03-04 10:49:15.03596	2021-03-04 10:49:15.03596	$2a$12$NVpVmXZ8oXA1WpSCMBQXEuFNY1SGDbZMHrhrd7KiVcJmDuHTiLSNG	\N	f	$2a$12$gu6vE/hxnK3hNtkrvsqvmO3QEnbucqBj313j3Kz11kRBcGrILtY1W	t	2021-03-04 10:49:14.508131	\N	\N
102	sss	shigeyuki.ynk@gmail.com	軽症	2021-05-07 10:47:22.705994	2021-06-25 11:08:22.183691	$2a$12$XbgcElDFcC.L.fZDwIj5PuKd8JxQNhoeu0.V8GWNk5NMnTMCEEIXu	\N	f	$2a$12$hfzgwyz0YRz1hKAZCDLrOeILfKYCxwV.JzwMAO7ZuVywUwcTLinha	t	2021-05-07 10:52:59.494117	\N	2021-06-25 10:50:19.124981
1	Example User	example@rails.org	軽症	2021-03-04 10:48:21.90343	2021-08-23 13:04:25.987917	$2a$12$jMYFAqtlZxWAIme/m3FwHeMTYwOM5zXtyqe09.KHNwnOD8jgzfjGa	\N	t	$2a$12$2ZEehAqkvWiqdzJ.zTjiOuZc2EWwQN4P/QVV7VjGfZXIyz/xinLuS	t	2021-03-04 10:48:21.338649	$2a$12$ogY/7U3hco8VoTxGLRFYIuvrtUBQfov4Jb6CW.K5QfWv1WD7mq5tm	2021-07-14 07:52:56.59887
112	111	s@s.com	軽症	2021-07-06 13:26:45.480876	2021-07-06 13:26:45.480876	$2a$12$gk0hFJd4bD3yueKCi9GWpOvFPXMqa44Nd3UDGRfDP5KPySNWvCbLG	\N	f	$2a$12$/BSKmxI0XSVCeNfHoi/sgOEJziS37NANsjsXQW2oDu1qr8tG5peyy	f	\N	\N	\N
101	sss	sss@s.com	中等症	2021-05-07 10:46:25.609129	2021-05-07 10:46:25.609129	$2a$12$XjANVlbvJm2PZ8R30n.JqeEYUZH2fmfPaxrQR9.EfHTaH3BLKGZG6	\N	f	$2a$12$62H6dXWHe6bFErP.YRJLz.gwIW5ER0xZtn0fm60F2AVo5tJDHHUWW	f	\N	\N	\N
51	佐藤 悠人	example-50@rail.org	軽症	2021-03-04 10:48:48.948323	2021-05-09 00:16:34.07061	$2a$12$IRhZvFB2B/Kdz.x/JRrIsOf48ZZdVZhR3w1lM2/2fmEmAljImuKMu	\N	f	$2a$12$ZzdpPwAbSuwYes13QY.gdO33HBJkE/Ku8.Q3O8JTBDzQttTeJFp/S	t	2021-03-04 10:48:48.420916	\N	\N
\.


--
-- Name: active_storage_attachments_id_seq; Type: SEQUENCE SET; Schema: public; Owner: ucms_app
--

SELECT pg_catalog.setval('public.active_storage_attachments_id_seq', 17, true);


--
-- Name: active_storage_blobs_id_seq; Type: SEQUENCE SET; Schema: public; Owner: ucms_app
--

SELECT pg_catalog.setval('public.active_storage_blobs_id_seq', 17, true);


--
-- Name: comments_id_seq; Type: SEQUENCE SET; Schema: public; Owner: ucms_app
--

SELECT pg_catalog.setval('public.comments_id_seq', 13, true);


--
-- Name: likes_id_seq; Type: SEQUENCE SET; Schema: public; Owner: ucms_app
--

SELECT pg_catalog.setval('public.likes_id_seq', 20, true);


--
-- Name: medicines_id_seq; Type: SEQUENCE SET; Schema: public; Owner: ucms_app
--

SELECT pg_catalog.setval('public.medicines_id_seq', 450, true);


--
-- Name: posts_id_seq; Type: SEQUENCE SET; Schema: public; Owner: ucms_app
--

SELECT pg_catalog.setval('public.posts_id_seq', 334, true);


--
-- Name: relationships_id_seq; Type: SEQUENCE SET; Schema: public; Owner: ucms_app
--

SELECT pg_catalog.setval('public.relationships_id_seq', 257, true);


--
-- Name: users_id_seq; Type: SEQUENCE SET; Schema: public; Owner: ucms_app
--

SELECT pg_catalog.setval('public.users_id_seq', 112, true);


--
-- Name: active_storage_attachments active_storage_attachments_pkey; Type: CONSTRAINT; Schema: public; Owner: ucms_app
--

ALTER TABLE ONLY public.active_storage_attachments
    ADD CONSTRAINT active_storage_attachments_pkey PRIMARY KEY (id);


--
-- Name: active_storage_blobs active_storage_blobs_pkey; Type: CONSTRAINT; Schema: public; Owner: ucms_app
--

ALTER TABLE ONLY public.active_storage_blobs
    ADD CONSTRAINT active_storage_blobs_pkey PRIMARY KEY (id);


--
-- Name: ar_internal_metadata ar_internal_metadata_pkey; Type: CONSTRAINT; Schema: public; Owner: ucms_app
--

ALTER TABLE ONLY public.ar_internal_metadata
    ADD CONSTRAINT ar_internal_metadata_pkey PRIMARY KEY (key);


--
-- Name: comments comments_pkey; Type: CONSTRAINT; Schema: public; Owner: ucms_app
--

ALTER TABLE ONLY public.comments
    ADD CONSTRAINT comments_pkey PRIMARY KEY (id);


--
-- Name: likes likes_pkey; Type: CONSTRAINT; Schema: public; Owner: ucms_app
--

ALTER TABLE ONLY public.likes
    ADD CONSTRAINT likes_pkey PRIMARY KEY (id);


--
-- Name: medicines medicines_pkey; Type: CONSTRAINT; Schema: public; Owner: ucms_app
--

ALTER TABLE ONLY public.medicines
    ADD CONSTRAINT medicines_pkey PRIMARY KEY (id);


--
-- Name: posts posts_pkey; Type: CONSTRAINT; Schema: public; Owner: ucms_app
--

ALTER TABLE ONLY public.posts
    ADD CONSTRAINT posts_pkey PRIMARY KEY (id);


--
-- Name: relationships relationships_pkey; Type: CONSTRAINT; Schema: public; Owner: ucms_app
--

ALTER TABLE ONLY public.relationships
    ADD CONSTRAINT relationships_pkey PRIMARY KEY (id);


--
-- Name: schema_migrations schema_migrations_pkey; Type: CONSTRAINT; Schema: public; Owner: ucms_app
--

ALTER TABLE ONLY public.schema_migrations
    ADD CONSTRAINT schema_migrations_pkey PRIMARY KEY (version);


--
-- Name: users users_pkey; Type: CONSTRAINT; Schema: public; Owner: ucms_app
--

ALTER TABLE ONLY public.users
    ADD CONSTRAINT users_pkey PRIMARY KEY (id);


--
-- Name: index_active_storage_attachments_on_blob_id; Type: INDEX; Schema: public; Owner: ucms_app
--

CREATE INDEX index_active_storage_attachments_on_blob_id ON public.active_storage_attachments USING btree (blob_id);


--
-- Name: index_active_storage_attachments_uniqueness; Type: INDEX; Schema: public; Owner: ucms_app
--

CREATE UNIQUE INDEX index_active_storage_attachments_uniqueness ON public.active_storage_attachments USING btree (record_type, record_id, name, blob_id);


--
-- Name: index_active_storage_blobs_on_key; Type: INDEX; Schema: public; Owner: ucms_app
--

CREATE UNIQUE INDEX index_active_storage_blobs_on_key ON public.active_storage_blobs USING btree (key);


--
-- Name: index_comments_on_post_id; Type: INDEX; Schema: public; Owner: ucms_app
--

CREATE INDEX index_comments_on_post_id ON public.comments USING btree (post_id);


--
-- Name: index_comments_on_user_id; Type: INDEX; Schema: public; Owner: ucms_app
--

CREATE INDEX index_comments_on_user_id ON public.comments USING btree (user_id);


--
-- Name: index_likes_on_post_id; Type: INDEX; Schema: public; Owner: ucms_app
--

CREATE INDEX index_likes_on_post_id ON public.likes USING btree (post_id);


--
-- Name: index_likes_on_user_id; Type: INDEX; Schema: public; Owner: ucms_app
--

CREATE INDEX index_likes_on_user_id ON public.likes USING btree (user_id);


--
-- Name: index_likes_on_user_id_and_post_id; Type: INDEX; Schema: public; Owner: ucms_app
--

CREATE UNIQUE INDEX index_likes_on_user_id_and_post_id ON public.likes USING btree (user_id, post_id);


--
-- Name: index_medicines_on_took_medicine_at_and_user_id; Type: INDEX; Schema: public; Owner: ucms_app
--

CREATE UNIQUE INDEX index_medicines_on_took_medicine_at_and_user_id ON public.medicines USING btree (took_medicine_at, user_id);


--
-- Name: index_medicines_on_user_id; Type: INDEX; Schema: public; Owner: ucms_app
--

CREATE INDEX index_medicines_on_user_id ON public.medicines USING btree (user_id);


--
-- Name: index_posts_on_user_id; Type: INDEX; Schema: public; Owner: ucms_app
--

CREATE INDEX index_posts_on_user_id ON public.posts USING btree (user_id);


--
-- Name: index_relationships_on_followed_id; Type: INDEX; Schema: public; Owner: ucms_app
--

CREATE INDEX index_relationships_on_followed_id ON public.relationships USING btree (followed_id);


--
-- Name: index_relationships_on_follower_id; Type: INDEX; Schema: public; Owner: ucms_app
--

CREATE INDEX index_relationships_on_follower_id ON public.relationships USING btree (follower_id);


--
-- Name: index_relationships_on_follower_id_and_followed_id; Type: INDEX; Schema: public; Owner: ucms_app
--

CREATE UNIQUE INDEX index_relationships_on_follower_id_and_followed_id ON public.relationships USING btree (follower_id, followed_id);


--
-- Name: index_users_on_email; Type: INDEX; Schema: public; Owner: ucms_app
--

CREATE UNIQUE INDEX index_users_on_email ON public.users USING btree (email);


--
-- Name: comments fk_rails_03de2dc08c; Type: FK CONSTRAINT; Schema: public; Owner: ucms_app
--

ALTER TABLE ONLY public.comments
    ADD CONSTRAINT fk_rails_03de2dc08c FOREIGN KEY (user_id) REFERENCES public.users(id);


--
-- Name: comments fk_rails_2fd19c0db7; Type: FK CONSTRAINT; Schema: public; Owner: ucms_app
--

ALTER TABLE ONLY public.comments
    ADD CONSTRAINT fk_rails_2fd19c0db7 FOREIGN KEY (post_id) REFERENCES public.posts(id);


--
-- Name: posts fk_rails_5b5ddfd518; Type: FK CONSTRAINT; Schema: public; Owner: ucms_app
--

ALTER TABLE ONLY public.posts
    ADD CONSTRAINT fk_rails_5b5ddfd518 FOREIGN KEY (user_id) REFERENCES public.users(id);


--
-- Name: medicines fk_rails_9d44e42892; Type: FK CONSTRAINT; Schema: public; Owner: ucms_app
--

ALTER TABLE ONLY public.medicines
    ADD CONSTRAINT fk_rails_9d44e42892 FOREIGN KEY (user_id) REFERENCES public.users(id);


--
-- Name: active_storage_attachments fk_rails_c3b3935057; Type: FK CONSTRAINT; Schema: public; Owner: ucms_app
--

ALTER TABLE ONLY public.active_storage_attachments
    ADD CONSTRAINT fk_rails_c3b3935057 FOREIGN KEY (blob_id) REFERENCES public.active_storage_blobs(id);


--
-- PostgreSQL database dump complete
--
